Function Name,Number of Calls,Elapsed Inclusive Time %,Elapsed Exclusive Time %,Avg Elapsed Inclusive Time,Avg Elapsed Exclusive Time,Module Name,
"SmsFeedback_EFModels.Conversation.get_Messages()",776,37.55,37.55,16.98,16.98,"SmsFeedback_EFModels.dll",
"System.Web.Mvc.Controller.ExecuteCore()",30,89.02,32.14,"1,041.15",375.91,"System.Web.Mvc.dll",
"System.Web.Security.Membership.ValidateUser(string,string)",1,8.68,8.68,"3,046.50","3,046.50","System.Web.dll",
"System.Web.Mvc.AreaRegistration.RegisterAllAreas()",1,4.38,4.38,"1,537.65","1,537.65","System.Web.Mvc.dll",
"System.Linq.Queryable.First(class System.Linq.IQueryable`1<!!0>)",26,3.97,3.97,53.62,53.62,"System.Core.dll",
"System.Linq.Queryable.Count(class System.Linq.IQueryable`1<!!0>)",10,2.71,2.71,95.11,95.11,"System.Core.dll",
"SmsFeedback_EFModels.WorkingPoint.get_Conversations()",30,2.00,2.00,23.41,23.41,"SmsFeedback_EFModels.dll",
"SmsFeedback_EFModels.Tag.get_TagTagTypes()",25,1.60,1.60,22.49,22.49,"SmsFeedback_EFModels.dll",
"System.Linq.Queryable.FirstOrDefault(class System.Linq.IQueryable`1<!!0>)",2,1.17,1.17,204.61,204.61,"System.Core.dll",
"System.Linq.Queryable.Where(class System.Linq.IQueryable`1<!!0>,class System.Linq.Expressions.Expression`1<class System.Func`2<!!0,bool>>)",31,0.82,0.82,9.31,9.31,"System.Core.dll",
"SmsFeedback_EFModels.smsfeedbackEntities..ctor()",29,0.73,0.73,8.87,8.87,"SmsFeedback_EFModels.dll",
"log4net.ILog.Error(object,class System.Exception)",3,0.56,0.56,64.93,64.93,"log4net.dll",
"System.Linq.Enumerable.Count(class System.Collections.Generic.IEnumerable`1<!!0>)",575,0.37,0.35,0.22,0.21,"System.Core.dll",
"System.Resources.ResourceManager.GetString(string,class System.Globalization.CultureInfo)",178,0.34,0.34,0.68,0.68,"mscorlib.dll",
"SmsFeedback_EFModels.User.get_Company()",2,0.31,0.31,54.71,54.71,"SmsFeedback_EFModels.dll",
"SmsFeedback_EFModels.Company.get_SubscriptionDetail()",2,0.29,0.29,51.16,51.16,"SmsFeedback_EFModels.dll",
"System.Web.Mvc.ViewPage.ProcessRequest(class System.Web.HttpContext)",1,1.02,0.23,357.96,80.64,"System.Web.Mvc.dll",
"SmsFeedback_Take4.Models.EFSmsRepository.GetWorkingPointsPerUser(string,class SmsFeedback_EFModels.smsfeedbackEntities)",5,2.65,0.17,185.87,12.25,"SmsFeedback_Take4.dll",
"System.Web.UI.Control.RenderControl(class System.Web.UI.HtmlTextWriter)",18,0.22,0.17,7.85,3.40,"System.Web.dll",
"SmsFeedback_EFModels.Company.get_Tags()",1,0.16,0.16,54.67,54.67,"SmsFeedback_EFModels.dll",
"SmsFeedback_EFModels.TagTagType.get_TagType()",2,0.15,0.15,26.66,26.66,"SmsFeedback_EFModels.dll",
"System.Web.Mvc.Html.InputExtensions.TextBoxFor(class System.Web.Mvc.HtmlHelper`1<!!0>,class System.Linq.Expressions.Expression`1<class System.Func`2<!!0,!!1>>,object)",1,0.13,0.13,46.35,45.57,"System.Web.Mvc.dll",
"System.Web.Security.FormsAuthentication.SetAuthCookie(string,bool)",1,0.10,0.10,33.41,33.41,"System.Web.dll",
"System.Web.UI.Control.RenderControl(class System.Web.UI.HtmlTextWriter)",4,0.45,0.09,156.46,7.83,"System.Web.dll",
"System.Data.Entity.Infrastructure.SqlConnectionFactory..ctor(string)",1,0.09,0.09,29.92,29.92,"EntityFramework.dll",
"System.Web.Mvc.ViewPage.ProcessRequest(class System.Web.HttpContext)",1,0.35,0.08,123.55,27.46,"System.Web.Mvc.dll",
"System.Web.Mvc.Html.FormExtensions.BeginForm(class System.Web.Mvc.HtmlHelper)",1,0.06,0.06,21.62,21.62,"System.Web.Mvc.dll",
"System.Web.Mvc.Html.RenderPartialExtensions.RenderPartial(class System.Web.Mvc.HtmlHelper,string)",2,0.07,0.06,11.47,10.33,"System.Web.Mvc.dll",
"System.Web.Mvc.RouteCollectionExtensions.IgnoreRoute(class System.Web.Routing.RouteCollection,string,object)",1,0.05,0.05,17.12,17.07,"System.Web.Mvc.dll",
"SmsFeedback_Take4.Models.EFSmsRepository.GetConversationsForNumbers(bool,string[],string[],valuetype System.Nullable`1<valuetype System.DateTime>,valuetype System.Nullable`1<valuetype System.DateTime>,bool,int32,int32,valuetype System.Nullable`1<valuetype System.DateTime>,string,class SmsFeedback_EFModels.smsfeedbackEntities)",1,0.70,0.05,245.58,16.89,"SmsFeedback_Take4.dll",
"System.Web.Mvc.UrlHelper.RouteUrl(string,class System.Web.Routing.RouteValueDictionary)",12,0.04,0.04,1.23,1.23,"System.Web.Mvc.dll",
"System.Web.Mvc.ViewPage.ProcessRequest(class System.Web.HttpContext)",1,0.11,0.04,38.03,12.50,"System.Web.Mvc.dll",
"System.Web.Mvc.Html.InputExtensions.CheckBoxFor(class System.Web.Mvc.HtmlHelper`1<!!0>,class System.Linq.Expressions.Expression`1<class System.Func`2<!!0,bool>>)",1,0.03,0.03,9.28,9.27,"System.Web.Mvc.dll",
"System.Collections.IEnumerator.MoveNext()","1,321",0.03,0.02,0.01,0.01,"mscorlib.dll",
"System.DateTime.ParseExact(string,string,class System.IFormatProvider)",26,0.02,0.02,0.28,0.28,"mscorlib.dll",
"SmsFeedback_Take4.Controllers.ReportsController.GetTotalNoOfSmsChartSource(string,string,string,string,string)",1,4.32,0.02,"1,515.39",7.38,"SmsFeedback_Take4.dll",
"System.Web.Mvc.AreaRegistration.RegisterAllAreas()",1,0.02,0.02,6.69,6.69,"System.Web.Mvc.dll",
"SmsFeedback_Take4.Controllers.ReportsController.GetReportById(int32)",2,0.02,0.02,3.94,3.16,"SmsFeedback_Take4.dll",
"log4net.ILog.Info(object)",10,0.02,0.02,0.60,0.60,"log4net.dll",
"System.Linq.Queryable.Select(class System.Linq.IQueryable`1<!!0>,class System.Linq.Expressions.Expression`1<class System.Func`2<!!0,!!1>>)",26,0.02,0.02,0.21,0.21,"System.Core.dll",
"System.Linq.Enumerable.ToDictionary(class System.Collections.Generic.IEnumerable`1<!!0>,class System.Func`2<!!0,!!1>,class System.Func`2<!!0,!!2>)",3,0.02,0.01,2.43,1.73,"System.Core.dll",
"System.Linq.Enumerable.Select(class System.Collections.Generic.IEnumerable`1<!!0>,class System.Func`2<!!0,!!1>)",210,0.01,0.01,0.02,0.02,"System.Core.dll",
"System.Web.HttpCookie..ctor(string,string)",30,0.01,0.01,0.14,0.14,"System.Web.dll",
"System.Web.UI.IParserAccessor.AddParsedSubObject(object)",4,0.01,0.01,1.02,1.02,"System.Web.dll",
"System.Web.Mvc.ViewPage`1..ctor()",1,0.01,0.01,4.02,4.02,"System.Web.Mvc.dll",
"System.Web.HttpServerUtility.MapPath(string)",66,0.01,0.01,0.05,0.05,"System.Web.dll",
"System.Web.Mvc.Html.InputExtensions.PasswordFor(class System.Web.Mvc.HtmlHelper`1<!!0>,class System.Linq.Expressions.Expression`1<class System.Func`2<!!0,!!1>>,object)",1,0.01,0.01,3.06,3.04,"System.Web.Mvc.dll",
"SmsFeedback_Take4.Utilities.EFInteraction.GetXmppConnectionDetailsPerUser(string,class SmsFeedback_EFModels.smsfeedbackEntities)",2,1.28,0.01,225.35,1.51,"SmsFeedback_Take4.dll",
"SmsFeedback_Take4.Models.EFSmsRepository.GetSpecialTags(string,class SmsFeedback_EFModels.smsfeedbackEntities)",1,1.61,0.01,564.23,3.00,"SmsFeedback_Take4.dll",
"System.Web.UI.Control.SetTraceData(object,object)",4,0.01,0.01,0.73,0.73,"System.Web.dll",
"SmsFeedback_Take4.Utilities.EFInteraction.GetCompanySubscriptionSMSStatus(string,class SmsFeedback_EFModels.smsfeedbackEntities)",2,2.03,0.01,355.85,1.43,"SmsFeedback_Take4.dll",
"SmsFeedback_Take4.Models.EFSmsRepository.NrOfUnreadConversations(string,class SmsFeedback_EFModels.smsfeedbackEntities)",3,0.33,0.01,38.05,0.95,"SmsFeedback_Take4.dll",
"System.Linq.Expressions.Expression.Lambda(class System.Linq.Expressions.Expression,class System.Linq.Expressions.ParameterExpression[])",90,0.01,0.01,0.03,0.03,"System.Core.dll",
"System.Web.Mvc.Html.ValidationExtensions.ValidationMessageFor(class System.Web.Mvc.HtmlHelper`1<!!0>,class System.Linq.Expressions.Expression`1<class System.Func`2<!!0,!!1>>)",2,0.01,0.01,1.37,1.37,"System.Web.Mvc.dll",
"System.Text.RegularExpressions.Regex.Replace(string,string)",2,0.01,0.01,1.26,1.26,"System.dll",
"SmsFeedback_Take4.Controllers.ReportsController.GetTotalNoOfClientsInfo(string,string,string,string)",2,0.95,0.01,165.79,1.19,"SmsFeedback_Take4.dll",
"System.Web.UI.MasterPage.InstantiateInContentPlaceHolder(class System.Web.UI.Control,class System.Web.UI.ITemplate)",10,0.01,0.01,0.30,0.22,"System.Web.dll",
"System.IO.File.GetLastWriteTime(string)",66,0.01,0.01,0.03,0.03,"mscorlib.dll",
"System.String.StartsWith(string)","2,188",0.01,0.01,0.00,0.00,"mscorlib.dll",
"System.Web.Mvc.UrlHelper.Content(string)",66,0.01,0.01,0.03,0.03,"System.Web.Mvc.dll",
"System.Web.Mvc.Html.ValidationExtensions.ValidationSummary(class System.Web.Mvc.HtmlHelper,bool,string)",1,0.01,0.01,2.12,2.12,"System.Web.Mvc.dll",
"SmsFeedback_EFModels.SubscriptionDetail.WarningsRequired()",2,0.01,0.01,1.06,1.06,"SmsFeedback_EFModels.dll",
"SmsFeedback_Take4.Utilities.EFInteraction.GetWorkingPointsForAUser(string,string,class SmsFeedback_EFModels.smsfeedbackEntities)",13,1.18,0.01,31.79,0.16,"SmsFeedback_Take4.dll",
"System.Reflection.FieldInfo.GetFieldFromHandle(valuetype System.RuntimeFieldHandle)",52,0.01,0.01,0.04,0.04,"mscorlib.dll",
"System.Linq.Enumerable.ElementAt(class System.Collections.Generic.IEnumerable`1<!!0>,int32)",3,0.01,0.01,0.69,0.69,"System.Core.dll",
"ASP.views_shared_site_master.__BuildControlTree(class ASP.views_shared_site_master)",2,0.03,0.01,4.51,1.00,"App_Web_yflvtg5g.dll",
"System.Web.Mvc.AjaxRequestExtensions.IsAjaxRequest(class System.Web.HttpRequestBase)",8,0.01,0.01,0.24,0.24,"System.Web.Mvc.dll",
"System.Linq.Enumerable.OrderByDescending(class System.Collections.Generic.IEnumerable`1<!!0>,class System.Func`2<!!0,!!1>)",1,0.01,0.01,1.94,1.94,"System.Core.dll",
"System.Web.Mvc.RouteCollectionExtensions.MapRoute(class System.Web.Routing.RouteCollection,string,string,object)",2,0.01,0.01,0.98,0.97,"System.Web.Mvc.dll",
"System.Linq.Expressions.Expression.Equal(class System.Linq.Expressions.Expression,class System.Linq.Expressions.Expression,bool,class System.Reflection.MethodInfo)",28,0.01,0.01,0.07,0.07,"System.Core.dll",
"System.Web.Mvc.RouteCollectionExtensions.MapRoute(class System.Web.Routing.RouteCollection,string,string,object,object)",1,0.01,0.01,2.05,1.91,"System.Web.Mvc.dll",
"ASP.views_shared_site_master.__BuildControl__control2()",2,0.01,0.00,2.54,0.87,"App_Web_yflvtg5g.dll",
"System.Text.RegularExpressions.Regex..ctor(string,valuetype System.Text.RegularExpressions.RegexOptions)",66,0.00,0.00,0.03,0.03,"System.dll",
"SmsFeedback_Take4.Controllers.ReportsController.<InitializeInterval>b__111(valuetype System.DateTime)",96,0.01,0.00,0.02,0.02,"SmsFeedback_Take4.dll",
"System.Web.UI.IAttributeAccessor.SetAttribute(string,string)",4,0.00,0.00,0.41,0.41,"System.Web.dll",
"System.Linq.Queryable.AsQueryable(class System.Collections.Generic.IEnumerable`1<!!0>)",2,0.00,0.00,0.81,0.81,"System.Core.dll",
"SmsFeedback_Take4.MvcApplication.Application_Start()",1,4.54,0.00,"1,592.71",1.58,"SmsFeedback_Take4.dll",
"System.Web.Mvc.Html.LabelExtensions.LabelFor(class System.Web.Mvc.HtmlHelper`1<!!0>,class System.Linq.Expressions.Expression`1<class System.Func`2<!!0,!!1>>)",1,0.00,0.00,1.53,1.53,"System.Web.Mvc.dll",
"System.Web.Mvc.RouteCollectionExtensions.MapRoute(class System.Web.Routing.RouteCollection,string,string,object,object)",1,0.00,0.00,1.55,1.53,"System.Web.Mvc.dll",
"System.Web.Mvc.UrlHelper.IsLocalUrl(string)",1,0.00,0.00,1.51,1.51,"System.Web.Mvc.dll",
"SmsFeedback_Take4.Controllers.ReportsController.GetAvgNoOfIncomingSmsPerClientInfo(string,string,string,string,string)",1,3.93,0.00,"1,377.36",1.50,"SmsFeedback_Take4.dll",
"System.Web.Mvc.AuthorizeAttribute.set_Roles(string)",7,0.00,0.00,0.21,0.21,"System.Web.Mvc.dll",
"SmsFeedback_Take4.Controllers.ReportsController.GetOutgoingSmsInfo(string,string,string,string,string)",1,5.58,0.00,"1,956.12",1.46,"SmsFeedback_Take4.dll",
"System.Data.Entity.Infrastructure.SqlConnectionFactory..ctor(string)",1,0.00,0.00,1.40,1.40,"EntityFramework.dll",
"SmsFeedback_Take4.Controllers.ReportsController.GetTotalNoOfSmsInfo(string,string,string,string,string)",1,4.13,0.00,"1,447.46",1.38,"SmsFeedback_Take4.dll",
"System.Data.Entity.DbContext.Dispose()",28,0.00,0.00,0.05,0.05,"EntityFramework.dll",
"System.Linq.Expressions.Expression.Property(class System.Linq.Expressions.Expression,class System.Reflection.MethodInfo)",6,0.00,0.00,0.22,0.22,"System.Core.dll",
"ASP.views_reports_index_aspx.FrameworkInitialize()",1,0.00,0.00,1.32,1.26,"App_Web_gsfdzgra.dll",
"SmsFeedback_Take4.Utilities.ViewExtensionMethods.ImageLink(class System.Web.Mvc.HtmlHelper,string,string,object,object,string,bool)",12,0.05,0.00,1.43,0.10,"SmsFeedback_Take4.dll",
"System.Web.Mvc.Html.LinkExtensions.ActionLink(class System.Web.Mvc.HtmlHelper,string,string,string,object,object)",1,0.00,0.00,1.20,1.19,"System.Web.Mvc.dll",
"ASP.views_shared_site_master.__BuildControl__control3()",2,0.01,0.00,1.42,0.55,"App_Web_yflvtg5g.dll",
"System.Web.Mvc.Controller.View()",3,0.00,0.00,0.35,0.35,"System.Web.Mvc.dll",
"System.Web.HttpResponseBase.SetCookie(class System.Web.HttpCookie)",30,0.00,0.00,0.03,0.03,"System.Web.dll",
"System.Web.UI.Page.AddWrappedFileDependencies(object)",1,0.00,0.00,0.92,0.92,"System.Web.dll",
"System.Linq.Enumerable.Where(class System.Collections.Generic.IEnumerable`1<!!0>,class System.Func`2<!!0,bool>)",731,0.00,0.00,0.00,0.00,"System.Core.dll",
"SmsFeedback_Take4.Controllers.ReportsController.GetIncomingOutgoingSmsChartSource(string,string,string,string,string)",1,3.69,0.00,"1,295.60",0.87,"SmsFeedback_Take4.dll",
"System.Linq.Expressions.Expression.GreaterThanOrEqual(class System.Linq.Expressions.Expression,class System.Linq.Expressions.Expression,bool,class System.Reflection.MethodInfo)",5,0.00,0.00,0.17,0.17,"System.Core.dll",
"System.Data.Entity.Database.set_DefaultConnectionFactory(class System.Data.Entity.Infrastructure.IDbConnectionFactory)",1,0.00,0.00,0.86,0.86,"EntityFramework.dll",
"SmsFeedback_Take4.Controllers.ReportsController.GetIncomingSmsInfo(string,string,string,string,string)",1,4.21,0.00,"1,478.02",0.85,"SmsFeedback_Take4.dll",
"System.Web.Mvc.RouteCollectionExtensions.IgnoreRoute(class System.Web.Routing.RouteCollection,string)",1,0.00,0.00,0.85,0.85,"System.Web.Mvc.dll",
"SmsFeedback_Take4.Controllers.ReportsController.GetReportsMenuItems()",1,0.00,0.00,1.00,0.85,"SmsFeedback_Take4.dll",
"System.Web.Mvc.Html.LinkExtensions.ActionLink(class System.Web.Mvc.HtmlHelper,string,string,string)",2,0.00,0.00,0.42,0.42,"System.Web.Mvc.dll",
"SmsFeedback_Take4.MvcApplication.Application_Start()",1,0.04,0.00,13.07,0.83,"SmsFeedback_Take4.dll",
"System.Data.Entity.Database.set_DefaultConnectionFactory(class System.Data.Entity.Infrastructure.IDbConnectionFactory)",1,0.00,0.00,0.83,0.83,"EntityFramework.dll",
"System.Linq.Enumerable.Take(class System.Collections.Generic.IEnumerable`1<!!0>,int32)",1,0.00,0.00,0.80,0.80,"System.Core.dll",
"System.Reflection.MethodBase.GetMethodFromHandle(valuetype System.RuntimeMethodHandle)",311,0.00,0.00,0.00,0.00,"mscorlib.dll",
"System.Web.Mvc.RouteCollectionExtensions.MapRoute(class System.Web.Routing.RouteCollection,string,string,object)",2,0.00,0.00,0.40,0.39,"System.Web.Mvc.dll",
"System.Web.Mvc.Html.LinkHelper.MenuLink(class System.Web.Mvc.HtmlHelper,string,string,string,string)",8,0.01,0.00,0.33,0.10,"SmsFeedback_Take4.dll",
"System.Linq.Expressions.Expression.Property(class System.Linq.Expressions.Expression,class System.Reflection.MethodInfo)",169,0.00,0.00,0.00,0.00,"System.Core.dll",
"SmsFeedback_Take4.Models.Helpers.ReportResource..ctor(string,string,class SmsFeedback_Take4.Models.Helpers.ReportResourceOptions,string)",60,0.00,0.00,0.02,0.01,"SmsFeedback_Take4.dll",
"SmsFeedback_Take4.Utilities.ViewExtensionMethods.UpdatedResourceLink(class System.Web.Mvc.UrlHelper,string)",6,0.01,0.00,0.64,0.12,"SmsFeedback_Take4.dll",
"System.Linq.Enumerable.GroupBy(class System.Collections.Generic.IEnumerable`1<!!0>,class System.Func`2<!!0,!!1>)",171,0.00,0.00,0.00,0.00,"System.Core.dll",
"SmsFeedback_Take4.Controllers.ReportsController.<>c__DisplayClass105.<ComputeNoOfIncomingSms>b__101(class SmsFeedback_EFModels.Message)",816,0.01,0.00,0.00,0.00,"SmsFeedback_Take4.dll",
"System.Web.Mvc.ViewUserControl.get_Html()",2,0.00,0.00,0.35,0.35,"System.Web.Mvc.dll",
"ASP.views_account_logon_aspx.__BuildControl__control2()",1,0.02,0.00,8.44,0.70,"App_Web_p4nolezm.dll",
"SmsFeedback_Take4.Controllers.ReportsController.<>c__DisplayClass10d.<ComputeNoOfOutgoingSms>b__108(class SmsFeedback_EFModels.Message)",816,0.01,0.00,0.00,0.00,"SmsFeedback_Take4.dll",
"System.Web.UI.TemplateControl.set_AppRelativeVirtualPath(string)",1,0.00,0.00,0.67,0.67,"System.Web.dll",
"SmsFeedback_Take4.Utilities.ViewExtensionMethods.ImageLink(class System.Web.Mvc.HtmlHelper,string,string,object,object,string,bool)",4,0.05,0.00,4.34,0.17,"SmsFeedback_Take4.dll",
"ASP.views_home_index_aspx.FrameworkInitialize()",1,0.01,0.00,1.85,0.67,"App_Web_lmlzbbtf.dll",
"SmsFeedback_Take4.Utilities.ViewExtensionMethods.ImageLink(class System.Web.Mvc.UrlHelper,string,string,string,string,string,object,string)",2,0.00,0.00,0.57,0.33,"SmsFeedback_Take4.dll",
"SmsFeedback_EFModels.Message.get_TimeReceived()","6,514",0.00,0.00,0.00,0.00,"SmsFeedback_EFModels.dll",
"System.Web.HttpUtility.HtmlEncode(string)",8,0.00,0.00,0.08,0.08,"System.Web.dll",
"MoveNext()",165,0.00,0.00,0.00,0.00,"SmsFeedback_Take4.dll",
"SmsFeedback_Take4.Models.AggregateSmsRepository..ctor(string)",1,0.00,0.00,0.64,0.64,"SmsFeedback_Take4.dll",
"System.Web.Mvc.Html.LinkHelper.MenuLink(class System.Web.Mvc.HtmlHelper,string,string,string,string)",8,0.01,0.00,0.41,0.08,"SmsFeedback_Take4.dll",
"System.Web.Mvc.Controller.Json(object,valuetype System.Web.Mvc.JsonRequestBehavior)",27,0.00,0.00,0.02,0.02,"System.Web.Mvc.dll",
"SmsFeedback_Take4.Controllers.ReportsController.PrepareJson(class System.Collections.Generic.List`1<class System.Collections.Generic.Dictionary`2<valuetype System.DateTime,class SmsFeedback_Take4.Models.Helpers.ChartValue>>,string)",2,0.01,0.00,1.26,0.31,"SmsFeedback_Take4.dll",
"System.Linq.Expressions.Expression.OrElse(class System.Linq.Expressions.Expression,class System.Linq.Expressions.Expression)",3,0.00,0.00,0.20,0.20,"System.Core.dll",
"System.Text.RegularExpressions.MatchCollection.get_Count()",66,0.00,0.00,0.01,0.01,"System.dll",
"System.Collections.Generic.Dictionary`2.get_Item(!0)",15,0.00,0.00,0.04,0.04,"mscorlib.dll",
"System.Linq.Expressions.Expression.Bind(class System.Reflection.MethodInfo,class System.Linq.Expressions.Expression)",64,0.00,0.00,0.01,0.01,"System.Core.dll",
"System.Web.Mvc.Controller.RedirectToAction(string,string)",1,0.00,0.00,0.55,0.55,"System.Web.Mvc.dll",
"System.Web.Mvc.RouteCollectionExtensions.IgnoreRoute(class System.Web.Routing.RouteCollection,string,object)",1,0.00,0.00,0.60,0.55,"System.Web.Mvc.dll",
"System.Math.Round(float64,int32)",4,0.00,0.00,0.13,0.13,"mscorlib.dll",
"System.Web.HttpServerUtility.set_ScriptTimeout(int32)",1,0.00,0.00,0.53,0.53,"System.Web.dll",
"SmsFeedback_Take4.Models.EFSmsRepository.GetConversationsForNumber(bool,string[],string,valuetype System.Nullable`1<valuetype System.DateTime>,valuetype System.Nullable`1<valuetype System.DateTime>,bool,int32,int32,valuetype System.Nullable`1<valuetype System.DateTime>,string,class SmsFeedback_EFModels.smsfeedbackEntities)",2,0.63,0.00,111.36,0.26,"SmsFeedback_Take4.dll",
"System.Web.UI.Page.FrameworkInitialize()",1,0.00,0.00,0.52,0.52,"System.Web.dll",
"System.Web.UI.Control.SetTraceData(object,object)",26,0.00,0.00,0.02,0.02,"System.Web.dll",
"SmsFeedback_Take4.MvcApplication..ctor()",2,0.00,0.00,0.26,0.26,"SmsFeedback_Take4.dll",
"__ASP.FastObjectFactory_app_web_yflvtg5g.Create_ASP_views_shared_site_master()",2,0.00,0.00,0.53,0.26,"App_Web_yflvtg5g.dll",
"System.DateTime.AddYears(int32)",30,0.00,0.00,0.02,0.02,"mscorlib.dll",
"SmsFeedback_Take4.Models.AggregateSmsRepository.GetConversationsForNumbers(bool,string[],string[],valuetype System.Nullable`1<valuetype System.DateTime>,valuetype System.Nullable`1<valuetype System.DateTime>,bool,int32,int32,valuetype System.Nullable`1<valuetype System.DateTime>,string,bool,class SmsFeedback_EFModels.smsfeedbackEntities)",1,0.85,0.00,297.89,0.50,"SmsFeedback_Take4.dll",
"SmsFeedback_Take4.Models.Helpers.SubscriptionSmsStatus..ctor(int32,bool,bool,bool,string)",2,0.00,0.00,0.24,0.24,"SmsFeedback_Take4.dll",
"System.IO.TextWriter.Write(string)",56,0.00,0.00,0.01,0.01,"mscorlib.dll",
"SmsFeedback_Take4.Controllers.AccountController..ctor()",2,0.00,0.00,0.23,0.22,"SmsFeedback_Take4.dll",
"SmsFeedback_Take4.Controllers.WorkingPointsController.get_SMSRepository()",2,0.00,0.00,0.66,0.22,"SmsFeedback_Take4.dll",
"System.Web.UI.Control.EndRenderTracing(class System.IO.TextWriter,object)",60,0.00,0.00,0.01,0.01,"System.Web.dll",
"SmsFeedback_Take4.Controllers.ReportsController.GetAvgResponseTimeInfo(string,string,string,string)",1,3.66,0.00,"1,284.90",0.44,"SmsFeedback_Take4.dll",
"System.DateTime.op_GreaterThanOrEqual(valuetype System.DateTime,valuetype System.DateTime)","3,630",0.00,0.00,0.00,0.00,"mscorlib.dll",
"System.Linq.Expressions.Expression.Call(class System.Linq.Expressions.Expression,class System.Reflection.MethodInfo,class System.Linq.Expressions.Expression[])",39,0.00,0.00,0.01,0.01,"System.Core.dll",
"SmsFeedback_Take4.Models.AggregateSmsRepository.UpdateConversationsFromExternalSources(string[],valuetype System.Nullable`1<valuetype System.DateTime>,string,class SmsFeedback_EFModels.smsfeedbackEntities)",2,0.26,0.00,46.49,0.21,"SmsFeedback_Take4.dll",
"System.Web.Mvc.UrlHelper.Action(string,string)",2,0.00,0.00,0.21,0.21,"System.Web.Mvc.dll",
"log4net.ILog.DebugFormat(string,object,object)",2,0.00,0.00,0.21,0.21,"log4net.dll",
"System.Web.Mvc.GlobalFilters.get_Filters()",1,0.00,0.00,0.41,0.41,"System.Web.Mvc.dll",
"System.Web.UI.Page.get_Server()",1,0.00,0.00,0.40,0.40,"System.Web.dll",
"System.DateTime.ToString(string)",66,0.00,0.00,0.01,0.01,"mscorlib.dll",
"System.Globalization.DateTimeFormatInfo.get_CurrentInfo()",3,0.00,0.00,0.13,0.13,"mscorlib.dll",
"log4net.ILog.InfoFormat(string,object)",3,0.00,0.00,0.13,0.13,"log4net.dll",
"System.Linq.Expressions.Expression.Lambda(class System.Linq.Expressions.Expression,class System.Linq.Expressions.ParameterExpression[])",6,0.00,0.00,0.07,0.07,"System.Core.dll",
"System.Web.Mvc.UrlHelper.Content(string)",30,0.00,0.00,0.01,0.01,"System.Web.Mvc.dll",
"ASP.views_reports_index_aspx.__BuildControlContent5(class System.Web.UI.Control)",1,0.00,0.00,0.77,0.38,"App_Web_gsfdzgra.dll",
"System.Globalization.CultureInfo.CreateSpecificCulture(string)",30,0.00,0.00,0.01,0.01,"mscorlib.dll",
"System.Linq.Enumerable.ToArray(class System.Collections.Generic.IEnumerable`1<!!0>)",3,0.00,0.00,0.13,0.13,"System.Core.dll",
"System.DateTime.op_LessThanOrEqual(valuetype System.DateTime,valuetype System.DateTime)","3,004",0.00,0.00,0.00,0.00,"mscorlib.dll",
"System.Web.UI.Control.SetRenderMethodDelegate(class System.Web.UI.RenderMethod)",3,0.00,0.00,0.12,0.12,"System.Web.dll",
"System.IDisposable.Dispose()",1,0.00,0.00,0.37,0.37,"mscorlib.dll",
"SmsFeedback_Take4.Controllers.ReportsController.GetIncomingOutgoingThirdArea(string,string,string,string)",1,3.62,0.00,"1,270.18",0.36,"SmsFeedback_Take4.dll",
"ASP.views_account_logon_aspx.__BuildControlTree(class ASP.views_account_logon_aspx)",1,0.03,0.00,10.96,0.36,"App_Web_p4nolezm.dll",
"System.Web.Mvc.ViewPage`1.get_ViewData()",3,0.00,0.00,0.11,0.11,"System.Web.Mvc.dll",
"System.Web.UI.LiteralControl..ctor(string)",4,0.00,0.00,0.08,0.08,"System.Web.dll",
"ASP.views_shared_site_master.FrameworkInitialize()",2,0.03,0.00,4.67,0.16,"App_Web_yflvtg5g.dll",
"System.Web.UI.HtmlControls.HtmlHead..ctor(string)",1,0.00,0.00,0.32,0.32,"System.Web.dll",
"SmsFeedback_Take4.Controllers.WorkingPointsController.WorkingPointsPerUser()",2,2.26,0.00,397.22,0.15,"SmsFeedback_Take4.dll",
"System.Linq.Enumerable.Range(int32,int32)",3,0.00,0.00,0.10,0.10,"System.Core.dll",
"SmsFeedback_Take4.Controllers.TagsController..ctor()",1,0.21,0.00,74.62,0.30,"SmsFeedback_Take4.dll",
"System.Web.HttpResponseBase.set_BufferOutput(bool)",2,0.00,0.00,0.15,0.15,"System.Web.dll",
"System.String.op_Equality(string,string)","2,202",0.00,0.00,0.00,0.00,"mscorlib.dll",
"System.Web.Mvc.Controller.get_RouteData()",66,0.00,0.00,0.00,0.00,"System.Web.Mvc.dll",
"SmsFeedback_Take4.Controllers.ReportsController.ComputeNoOfIncomingSms(valuetype System.DateTime,valuetype System.DateTime,class System.Collections.Generic.IEnumerable`1<class SmsFeedback_EFModels.WorkingPoint>)",3,7.87,0.00,920.96,0.09,"SmsFeedback_Take4.dll",
"SmsFeedback_Take4.Controllers.ReportsController.ComputeNoOfOutgoingSms(valuetype System.DateTime,valuetype System.DateTime,class System.Collections.Generic.IEnumerable`1<class SmsFeedback_EFModels.WorkingPoint>)",3,5.59,0.00,653.69,0.09,"SmsFeedback_Take4.dll",
"System.Web.Mvc.Html.LinkExtensions.ActionLink(class System.Web.Mvc.HtmlHelper,string,string,string)",5,0.00,0.00,0.06,0.06,"System.Web.Mvc.dll",
"System.Web.Mvc.ViewMasterPage..ctor()",2,0.00,0.00,0.14,0.14,"System.Web.Mvc.dll",
"System.Web.Routing.RouteValueDictionary..ctor(class System.Collections.Generic.IDictionary`2<string,object>)",12,0.00,0.00,0.02,0.02,"System.Web.dll",
"SmsFeedback_Take4.Controllers.TagsController.GetSpecialTags()",1,1.61,0.00,564.77,0.27,"SmsFeedback_Take4.dll",
"System.Web.UI.IParserAccessor.AddParsedSubObject(object)",26,0.00,0.00,0.01,0.01,"System.Web.dll",
"System.Web.UI.Page.set_Title(string)",1,0.00,0.00,0.26,0.26,"System.Web.dll",
"System.Collections.Generic.Dictionary`2.GetEnumerator()",5,0.00,0.00,0.05,0.05,"mscorlib.dll",
"System.Reflection.MethodBase.GetMethodFromHandle(valuetype System.RuntimeMethodHandle)",6,0.00,0.00,0.04,0.04,"mscorlib.dll",
"Resources.Global.get_tooltipWpImg()",1,0.00,0.00,0.27,0.25,"SmsFeedback_Take4.dll",
"System.Web.Mvc.ViewMasterPage.get_Url()",58,0.00,0.00,0.00,0.00,"System.Web.Mvc.dll",
"SmsFeedback_Take4.Controllers.ReportsController.<>c__DisplayClass3e.<GetIncomingOutgoingSmsChartSource>b__17(class SmsFeedback_EFModels.Message)",272,0.00,0.00,0.00,0.00,"SmsFeedback_Take4.dll",
"System.Web.UI.HtmlControls.HtmlLink.set_Href(string)",2,0.00,0.00,0.12,0.12,"System.Web.dll",
"SmsFeedback_Take4.Models.AggregateSmsRepository.GetSpecialTags(string,class SmsFeedback_EFModels.smsfeedbackEntities)",1,1.61,0.00,564.47,0.24,"SmsFeedback_Take4.dll",
"System.Web.UI.Control.set_TemplateControl(class System.Web.UI.TemplateControl)",1,0.00,0.00,0.24,0.24,"System.Web.dll",
"Resources.Global.get_btnNotificationSolve()",2,0.00,0.00,0.13,0.12,"SmsFeedback_Take4.dll",
"SmsFeedback_Take4.Controllers.ReportsController.<>c__DisplayClassf7.<ComputeTotalNoOfClients>b__f3(class SmsFeedback_EFModels.Message)",526,0.00,0.00,0.00,0.00,"SmsFeedback_Take4.dll",
"log4net.ILog.DebugFormat(string,object)",3,0.00,0.00,0.08,0.08,"log4net.dll",
"SmsFeedback_Take4.Models.AggregateSmsRepository.GetInstance(string)",7,0.00,0.00,0.12,0.03,"SmsFeedback_Take4.dll",
"System.Web.UI.Page.set_MasterPageFile(string)",1,0.00,0.00,0.23,0.23,"System.Web.dll",
"System.Web.Mvc.Controller.get_HttpContext()",63,0.00,0.00,0.00,0.00,"System.Web.Mvc.dll",
"Resources.Global.get_TitleLogOn()",1,0.34,0.00,119.98,0.23,"SmsFeedback_Take4.dll",
"SmsFeedback_Take4.Controllers.ConversationsController.NrOfUnreadConversations(valuetype System.Nullable`1<bool>)",3,0.59,0.00,69.36,0.08,"SmsFeedback_Take4.dll",
"System.Web.UI.Page.AddContentTemplate(string,class System.Web.UI.ITemplate)",5,0.00,0.00,0.05,0.05,"System.Web.dll",
"SmsFeedback_EFModels.WorkingPoint.get_TelNumber()","2,176",0.00,0.00,0.00,0.00,"SmsFeedback_EFModels.dll",
"SmsFeedback_Take4.Utilities.ViewExtensionMethods.UpdatedResourceLink(class System.Web.Mvc.UrlHelper,string)",66,0.03,0.00,0.17,0.00,"SmsFeedback_Take4.dll",
"System.ComponentModel.DataAnnotations.DisplayAttribute.set_ResourceType(class System.Type)",3,0.00,0.00,0.07,0.07,"System.ComponentModel.DataAnnotations.dll",
"System.IDisposable.Dispose()",339,0.00,0.00,0.00,0.00,"mscorlib.dll",
"SmsFeedback_EFModels.Message.get_From()","2,176",0.00,0.00,0.00,0.00,"SmsFeedback_EFModels.dll",
"SmsFeedback_Take4.Controllers.ReportsController.<>c__DisplayClass3e.<GetIncomingOutgoingSmsChartSource>b__1a(class SmsFeedback_EFModels.Message)",272,0.00,0.00,0.00,0.00,"SmsFeedback_Take4.dll",
"Resources.Global.get_tooltipIncludeSupportFilter()",1,0.00,0.00,0.24,0.22,"SmsFeedback_Take4.dll",
"System.ComponentModel.DataAnnotations.DisplayAttribute.set_Name(string)",3,0.00,0.00,0.07,0.07,"System.ComponentModel.DataAnnotations.dll",
"ASP.views_account_logon_aspx.FrameworkInitialize()",1,0.04,0.00,12.62,0.21,"App_Web_p4nolezm.dll",
"System.Web.Mvc.UrlHelper.Content(string)",19,0.00,0.00,0.01,0.01,"System.Web.Mvc.dll",
"System.Web.Mvc.ModelStateDictionary.get_IsValid()",1,0.00,0.00,0.21,0.21,"System.Web.Mvc.dll",
"System.Web.Mvc.MvcHtmlString..ctor(string)",82,0.00,0.00,0.00,0.00,"System.Web.Mvc.dll",
"Resources.Global.get_reportsPageTitle()",1,0.00,0.00,0.22,0.21,"SmsFeedback_Take4.dll",
"System.ComponentModel.DataAnnotations.DisplayAttribute..ctor()",3,0.00,0.00,0.07,0.07,"System.ComponentModel.DataAnnotations.dll",
"SmsFeedback_Take4.Controllers.ReportsController.ComputeTotalNoOfSms(valuetype System.DateTime,valuetype System.DateTime,class System.Collections.Generic.IEnumerable`1<class SmsFeedback_EFModels.WorkingPoint>)",2,7.78,0.00,"1,365.07",0.10,"SmsFeedback_Take4.dll",
"SmsFeedback_EFModels.WorkingPoint.get_ShortID()","2,176",0.00,0.00,0.00,0.00,"SmsFeedback_EFModels.dll",
"SmsFeedback_Take4.Models.AggregateSmsRepository.GetWorkingPointsPerUser(string,class SmsFeedback_EFModels.smsfeedbackEntities)",2,2.24,0.00,392.83,0.10,"SmsFeedback_Take4.dll",
"System.Web.Mvc.Controller.get_User()",32,0.00,0.00,0.01,0.01,"System.Web.Mvc.dll",
"Resources.Global.get_shareOnLinkedinTitle()",1,0.00,0.00,0.21,0.19,"SmsFeedback_Take4.dll",
"Resources.Global.get_loadMoreConversations()",1,0.00,0.00,0.20,0.19,"SmsFeedback_Take4.dll",
"SmsFeedback_EFModels.Message.get_To()","2,176",0.00,0.00,0.00,0.00,"SmsFeedback_EFModels.dll",
"Resources.Global.get_tooltipDeleteConversation()",1,0.00,0.00,0.19,0.18,"SmsFeedback_Take4.dll",
"System.Linq.Expressions.Expression.Parameter(class System.Type,string)",90,0.00,0.00,0.00,0.00,"System.Core.dll",
"SmsFeedback_Take4.Controllers.ReportsController.ComputeTotalNoOfClients(valuetype System.DateTime,valuetype System.DateTime,class System.Collections.Generic.IEnumerable`1<class SmsFeedback_EFModels.WorkingPoint>,class SmsFeedback_EFModels.smsfeedbackEntities)",3,0.35,0.00,40.68,0.06,"SmsFeedback_Take4.dll",
"Resources.Global.get_addATagLabel()",1,0.00,0.00,0.19,0.18,"SmsFeedback_Take4.dll",
"Resources.Global.get_readLabel()",1,0.00,0.00,0.19,0.18,"SmsFeedback_Take4.dll",
"System.Linq.Expressions.Expression.MemberInit(class System.Linq.Expressions.NewExpression,class System.Linq.Expressions.MemberBinding[])",9,0.00,0.00,0.02,0.02,"System.Core.dll",
"SmsFeedback_Take4.Controllers.ReportsController.ComputeTotalNoOfClients(valuetype System.DateTime,valuetype System.DateTime,class System.Collections.Generic.IEnumerable`1<class SmsFeedback_EFModels.WorkingPoint>)",2,7.06,0.00,"1,237.69",0.09,"SmsFeedback_Take4.dll",
"System.Web.UI.MasterPage.get_ContentPlaceHolders()",12,0.00,0.00,0.01,0.01,"System.Web.dll",
"Resources.Global.get_tooltipMarkAsFavouriteImg()",2,0.00,0.00,0.09,0.09,"SmsFeedback_Take4.dll",
"Resources.Global.get_starredLabel()",1,0.00,0.00,0.18,0.17,"SmsFeedback_Take4.dll",
"Resources.Global.get_supportLabel()",1,0.00,0.00,0.18,0.17,"SmsFeedback_Take4.dll",
"SmsFeedback_Take4.Controllers.ReportsController.<>c__DisplayClassef.<ComputeTotalNoOfSms>b__ed(class SmsFeedback_EFModels.Message)",544,0.00,0.00,0.00,0.00,"SmsFeedback_Take4.dll",
"System.Web.Mvc.ViewMasterPage.get_Html()",22,0.00,0.00,0.01,0.01,"System.Web.Mvc.dll",
"Resources.Global.get_tooltipIncludeStarredInFilter()",1,0.00,0.00,0.19,0.17,"SmsFeedback_Take4.dll",
"System.Web.Mvc.UrlHelper.Action(string,string,class System.Web.Routing.RouteValueDictionary)",2,0.00,0.00,0.08,0.08,"System.Web.Mvc.dll",
"System.DateTime.get_Now()",30,0.00,0.00,0.01,0.01,"mscorlib.dll",
"Resources.Global.get_tooltipIncludeUnreadInFilter()",1,0.00,0.00,0.18,0.17,"SmsFeedback_Take4.dll",
"Resources.Global.get_tagsLabel()",1,0.00,0.00,0.18,0.17,"SmsFeedback_Take4.dll",
"System.Object.ToString()",104,0.00,0.00,0.00,0.00,"mscorlib.dll",
"System.Web.HttpUtility.HtmlEncode(object)",17,0.00,0.00,0.01,0.01,"System.Web.dll",
"Resources.Global.get_tooltipIncludeTagsInFilter()",1,0.00,0.00,0.17,0.16,"SmsFeedback_Take4.dll",
"System.Web.UI.Control.EndRenderTracing(class System.IO.TextWriter,object)",168,0.00,0.00,0.00,0.00,"System.Web.dll",
"Resources.Global.get_tooltipCheckMessageReceived()",1,0.00,0.00,0.17,0.16,"SmsFeedback_Take4.dll",
"Resources.Global.get_shareOnFacebook()",1,0.00,0.00,0.17,0.16,"SmsFeedback_Take4.dll",
"System.Web.UI.WebControls.ContentPlaceHolder..ctor()",12,0.00,0.00,0.01,0.01,"System.Web.dll",
"Resources.Global.get_shareOnLinkedin()",1,0.00,0.00,0.17,0.16,"SmsFeedback_Take4.dll",
"Resources.Global.get_shareOnTwitter()",1,0.00,0.00,0.17,0.16,"SmsFeedback_Take4.dll",
"Resources.Global.get_tooltipCheckMessageSent()",1,0.00,0.00,0.17,0.16,"SmsFeedback_Take4.dll",
"System.Web.UI.Control.EndRenderTracing(class System.IO.TextWriter,object)",198,0.00,0.00,0.00,0.00,"System.Web.dll",
"Resources.Global.get_deleteMessage()",1,0.00,0.00,0.17,0.16,"SmsFeedback_Take4.dll",
"Resources.Global.get_tooltipSendEmailImg()",1,0.00,0.00,0.17,0.16,"SmsFeedback_Take4.dll",
"SmsFeedback_EFModels.smsfeedbackEntities.get_Users()",26,0.00,0.00,0.01,0.01,"SmsFeedback_EFModels.dll",
"SmsFeedback_Take4.Models.Helpers.ChartValue..ctor(int32,string,bool)",96,0.00,0.00,0.00,0.00,"SmsFeedback_Take4.dll",
"System.Web.UI.Control.BeginRenderTracing(class System.IO.TextWriter,object)",168,0.00,0.00,0.00,0.00,"System.Web.dll",
"System.Text.RegularExpressions.Regex..ctor(string)",2,0.00,0.00,0.08,0.08,"System.dll",
"VirtCall:<>f__AnonymousTypee`1..ctor(!0)",1,0.00,0.00,0.15,0.15,"SmsFeedback_Take4.dll",
"Resources.Global.get_RepExportToExcel()",1,0.00,0.00,0.16,0.15,"SmsFeedback_Take4.dll",
"SmsFeedback_Take4.Controllers.ReportsController.<>c__DisplayClass14.<GetTotalNoOfSmsChartSource>b__1(class SmsFeedback_EFModels.Message)",272,0.00,0.00,0.00,0.00,"SmsFeedback_Take4.dll",
"System.Web.Mvc.ViewDataDictionary.get_Item(string)",3,0.00,0.00,0.05,0.05,"System.Web.Mvc.dll",
"System.IO.TextWriter.Write(string)",162,0.00,0.00,0.00,0.00,"mscorlib.dll",
"System.Linq.Expressions.Expression.LessThanOrEqual(class System.Linq.Expressions.Expression,class System.Linq.Expressions.Expression,bool,class System.Reflection.MethodInfo)",5,0.00,0.00,0.03,0.03,"System.Core.dll",
"Resources.Global.get_accountAuthenticate()",1,0.00,0.00,0.16,0.14,"SmsFeedback_Take4.dll",
"SmsFeedback_Take4.Controllers.BaseController.ExecuteCore()",30,89.05,0.00,"1,041.41",0.00,"SmsFeedback_Take4.dll",
"System.Web.HttpCookieCollection.get_Item(string)",24,0.00,0.00,0.01,0.01,"System.Web.dll",
"SmsFeedback_Take4.Controllers.ReportsController.GetAvgNoOfSmsPerDayInfo(string,string,string,string,string)",1,3.79,0.00,"1,330.98",0.14,"SmsFeedback_Take4.dll",
"ASP.views_shared_logonusercontrol_ascx.FrameworkInitialize()",2,0.00,0.00,0.07,0.07,"App_Web_yflvtg5g.dll",
"SmsFeedback_Take4.Utilities.SwitchLanguageHelper.LanguageUrl(class System.Web.Mvc.HtmlHelper,string,string,bool)",12,0.04,0.00,1.31,0.01,"SmsFeedback_Take4.dll",
"Resources.Global.get_TitleLogOn()",1,0.34,0.00,120.12,0.14,"SmsFeedback_Take4.dll",
"Resources.Global.get_RepMonth()",1,0.00,0.00,0.14,0.14,"SmsFeedback_Take4.dll",
"System.Web.UI.Control.BeginRenderTracing(class System.IO.TextWriter,object)",198,0.00,0.00,0.00,0.00,"System.Web.dll",
"Resources.Global.get_loginUnsuccessfulSummary()",1,0.00,0.00,0.15,0.13,"SmsFeedback_Take4.dll",
"Resources.Global.get_lblUserName()",1,0.00,0.00,0.14,0.13,"SmsFeedback_Take4.dll",
"System.Web.UI.Control.SetTraceData(object,object)",1,0.00,0.00,0.13,0.13,"System.Web.dll",
"System.Collections.Generic.IEnumerator`1.get_Current()",720,0.00,0.00,0.00,0.00,"mscorlib.dll",
"System.IO.TextWriter.Write(string)",184,0.00,0.00,0.00,0.00,"mscorlib.dll",
"System.Web.Routing.RouteValueDictionary.set_Item(string,object)",36,0.00,0.00,0.00,0.00,"System.Web.dll",
"Resources.Global.get_feedbackSendUsFeedback()",2,0.00,0.00,0.07,0.06,"SmsFeedback_Take4.dll",
"SmsFeedback_Take4.Models.AggregateSmsRepository.NrOfUnreadConversations(string,class SmsFeedback_EFModels.smsfeedbackEntities)",3,0.33,0.00,38.09,0.04,"SmsFeedback_Take4.dll",
"Resources.Global.get_logOnLogOffMsg()",2,0.00,0.00,0.07,0.06,"SmsFeedback_Take4.dll",
"SmsFeedback_Take4.Models.EFSmsRepository.<>c__DisplayClass17.<GetSpecialTags>b__11(class SmsFeedback_EFModels.Tag)",25,1.61,0.00,22.58,0.00,"SmsFeedback_Take4.dll",
"Resources.Global.get_LogOnButtonMessage()",1,0.00,0.00,0.13,0.12,"SmsFeedback_Take4.dll",
"VirtCall:<>f__AnonymousTypec`3..ctor(!0,!1,!2)",2,0.00,0.00,0.06,0.06,"SmsFeedback_Take4.dll",
"Resources.Global.get_messagesPageTitle()",1,0.00,0.00,0.14,0.12,"SmsFeedback_Take4.dll",
"System.Collections.Generic.Dictionary`2.Add(!0,!1)",10,0.00,0.00,0.01,0.01,"mscorlib.dll",
"System.Web.Mvc.Controller.get_Response()",2,0.00,0.00,0.06,0.06,"System.Web.Mvc.dll",
"Resources.Global.get_tabReports()",2,0.00,0.00,0.06,0.06,"SmsFeedback_Take4.dll",
"Resources.Global.get_welcomeMessage()",2,0.00,0.00,0.07,0.06,"SmsFeedback_Take4.dll",
"System.String.Format(string,object[])",1,0.00,0.00,0.12,0.12,"mscorlib.dll",
"Resources.Global.get_lblNoConversationSelected()",2,0.00,0.00,0.06,0.06,"SmsFeedback_Take4.dll",
"VirtCall:<>f__AnonymousType1`2..ctor(!0,!1)",2,0.00,0.00,0.06,0.06,"App_Web_p4nolezm.dll",
"Resources.Global.get_lblPassword()",1,0.00,0.00,0.13,0.12,"SmsFeedback_Take4.dll",
"System.TimeSpan.get_TotalDays()",2,0.00,0.00,0.06,0.06,"mscorlib.dll",
"Resources.Global.get_tooltipSendPositiveFeedback()",2,0.00,0.00,0.06,0.06,"SmsFeedback_Take4.dll",
"Resources.Global.get_sendButton()",1,0.00,0.00,0.12,0.12,"SmsFeedback_Take4.dll",
"SmsFeedback_Take4.Models.Helpers.ChartValue.get_value()",207,0.00,0.00,0.00,0.00,"SmsFeedback_Take4.dll",
"Resources.Global.get_tabSettings()",2,0.00,0.00,0.06,0.06,"SmsFeedback_Take4.dll",
"System.Collections.Generic.List`1.Add(!0)",592,0.00,0.00,0.00,0.00,"mscorlib.dll",
"Microsoft.VisualStudio.Web.PageInspector.Runtime.WebForms.TraceData..ctor(int32,int32,bool)",4,0.00,0.00,0.03,0.03,"Microsoft.VisualStudio.Web.PageInspector.Runtime.dll",
"System.Linq.Enumerable.Skip(class System.Collections.Generic.IEnumerable`1<!!0>,int32)",1,0.00,0.00,0.12,0.12,"System.Core.dll",
"System.Collections.Generic.EqualityComparer`1.get_Default()",8,0.00,0.00,0.01,0.01,"mscorlib.dll",
"VirtCall:<>f__AnonymousTypec`3..ctor(!0,!1,!2)",2,0.00,0.00,0.06,0.06,"SmsFeedback_Take4.dll",
"Resources.Global.get_tabHelp()",2,0.00,0.00,0.06,0.06,"SmsFeedback_Take4.dll",
"System.Linq.Enumerable.SelectMany(class System.Collections.Generic.IEnumerable`1<!!0>,class System.Func`2<!!0,class System.Collections.Generic.IEnumerable`1<!!1>>)",1,0.00,0.00,0.11,0.11,"System.Core.dll",
"Resources.Global.get_btnNotificationDismiss()",2,0.00,0.00,0.06,0.06,"SmsFeedback_Take4.dll",
"VirtCall:<>f__AnonymousType0`2.get_date()",15,0.00,0.00,0.01,0.01,"SmsFeedback_Take4.dll",
"Microsoft.VisualStudio.Web.PageInspector.Runtime.WebForms.TraceData..ctor(string,int32,int32,bool)",60,0.00,0.00,0.00,0.00,"Microsoft.VisualStudio.Web.PageInspector.Runtime.dll",
"Resources.Global.get_tooltipSendNegativeFeedback()",2,0.00,0.00,0.06,0.05,"SmsFeedback_Take4.dll",
"System.Web.Mvc.ViewUserControl..ctor()",2,0.00,0.00,0.05,0.05,"System.Web.Mvc.dll",
"Resources.Global.get_RepDay()",1,0.00,0.00,0.11,0.11,"SmsFeedback_Take4.dll",
"SmsFeedback_Take4.Controllers.ConversationsController.ConversationsList(bool,string[],string[],string,string,valuetype System.Nullable`1<bool>,int32,int32,int32,bool)",1,0.85,0.00,298.32,0.11,"SmsFeedback_Take4.dll",
"System.Text.RegularExpressions.MatchCollection.get_Item(int32)",65,0.00,0.00,0.00,0.00,"System.dll",
"SmsFeedback_Take4.Models.SmsMessage.get_TimeReceived()",112,0.00,0.00,0.00,0.00,"SmsFeedback_Take4.dll",
"SmsFeedback_Take4.MvcApplication..ctor()",6,0.00,0.00,0.02,0.02,"SmsFeedback_Take4.dll",
"Resources.Global.get_tabMessages()",2,0.00,0.00,0.06,0.05,"SmsFeedback_Take4.dll",
"SmsFeedback_Take4.Controllers.ReportsController.transformDate(valuetype System.DateTime,string)",96,0.00,0.00,0.00,0.00,"SmsFeedback_Take4.dll",
"System.Web.Mvc.AuthorizeAttribute..ctor()",7,0.00,0.00,0.01,0.01,"System.Web.Mvc.dll",
"Resources.Global.get_thumbsUpTooltip()",1,0.00,0.00,0.11,0.10,"SmsFeedback_Take4.dll",
"Resources.Global.get_RepWeek()",1,0.00,0.00,0.11,0.10,"SmsFeedback_Take4.dll",
"Resources.Global.get_tooltipNrOfConvsWithUnreadMsgs()",2,0.00,0.00,0.05,0.05,"SmsFeedback_Take4.dll",
"System.Web.HttpCookie.set_Expires(valuetype System.DateTime)",30,0.00,0.00,0.00,0.00,"System.Web.dll",
"Resources.Global.get_messagesRemoveTagPlaceHolder()",1,0.00,0.00,0.11,0.10,"SmsFeedback_Take4.dll",
"log4net.ILog.Debug(object)",1,0.00,0.00,0.10,0.10,"log4net.dll",
"SmsFeedback_Take4.Models.Helpers.ReportsMenuItem..ctor(int32,string,bool,int32,string,string)",7,0.00,0.00,0.01,0.01,"SmsFeedback_Take4.dll",
"System.Security.Principal.IPrincipal.get_Identity()",32,0.00,0.00,0.00,0.00,"mscorlib.dll",
"System.String.Concat(object,object,object)",96,0.00,0.00,0.00,0.00,"mscorlib.dll",
"Resources.Global.get_thumbsDownTooltip()",1,0.00,0.00,0.10,0.10,"SmsFeedback_Take4.dll",
"Resources.Global.get_errorCannotSendMessage()",1,0.00,0.00,0.11,0.10,"SmsFeedback_Take4.dll",
"System.Resources.ResourceManager..ctor(string,class System.Reflection.Assembly)",1,0.00,0.00,0.10,0.10,"mscorlib.dll",
"System.ComponentModel.DisplayNameAttribute..ctor()",3,0.00,0.00,0.03,0.03,"System.dll",
"Resources.Global.get_tooltipReplyBtn()",1,0.00,0.00,0.10,0.09,"SmsFeedback_Take4.dll",
"Resources.Global.get_messagesAddTagPlaceHolder()",1,0.00,0.00,0.10,0.09,"SmsFeedback_Take4.dll",
"System.String.Equals(string)",488,0.00,0.00,0.00,0.00,"mscorlib.dll",
"SmsFeedback_Take4.Models.ConvTag.set_TagType(string)",2,0.00,0.00,0.05,0.05,"SmsFeedback_Take4.dll",
"Resources.Global.get_confirmDeleteMessage()",1,0.00,0.00,0.10,0.09,"SmsFeedback_Take4.dll",
"System.Web.UI.UserControl.get_Request()",2,0.00,0.00,0.05,0.05,"System.Web.dll",
"Resources.Global.get_filteringAddFilterTag()",1,0.00,0.00,0.10,0.09,"SmsFeedback_Take4.dll",
"Resources.Global.get_errorMessageNotSentReasonUnknown()",1,0.00,0.00,0.09,0.09,"SmsFeedback_Take4.dll",
"System.Web.HttpRequestBase.get_Cookies()",24,0.00,0.00,0.00,0.00,"System.Web.dll",
"Resources.Global.get_confirmDeleteConversation()",1,0.00,0.00,0.09,0.09,"SmsFeedback_Take4.dll",
"System.Web.Mvc.ViewDataDictionary.set_Item(string,object)",3,0.00,0.00,0.03,0.03,"System.Web.Mvc.dll",
"Resources.Global.get_errorMessageNotSentInsufficientCredits()",1,0.00,0.00,0.09,0.09,"SmsFeedback_Take4.dll",
"Resources.Global.get_warningMessageSentSpendingLimitReached()",1,0.00,0.00,0.09,0.09,"SmsFeedback_Take4.dll",
"get_Key()",384,0.00,0.00,0.00,0.00,"SmsFeedback_Take4.dll",
"Microsoft.VisualStudio.Web.PageInspector.Runtime.WebForms.TraceData..ctor(string,int32,int32,bool)",168,0.00,0.00,0.00,0.00,"Microsoft.VisualStudio.Web.PageInspector.Runtime.dll",
"ASP.views_shared_site_master.__Render__control2(class System.Web.UI.HtmlTextWriter,class System.Web.UI.Control)",2,0.10,0.00,17.80,0.04,"App_Web_yflvtg5g.dll",
"System.Collections.Generic.Dictionary`2.ContainsKey(!0)",160,0.00,0.00,0.00,0.00,"mscorlib.dll",
"SmsFeedback_EFModels.smsfeedbackEntities.get_WorkingPoints()",2,0.00,0.00,0.04,0.04,"SmsFeedback_EFModels.dll",
"SmsFeedback_Take4.Models.Helpers.ChartValue.get_description()",128,0.00,0.00,0.00,0.00,"SmsFeedback_Take4.dll",
"SmsFeedback_Take4.Models.Helpers.ReportResourceOptions..ctor(class System.Collections.Generic.List`1<string>,string)",60,0.00,0.00,0.00,0.00,"SmsFeedback_Take4.dll",
"System.Web.UI.CompiledTemplateBuilder..ctor(class System.Web.UI.BuildTemplateMethod)",5,0.00,0.00,0.02,0.02,"System.Web.dll",
"System.Web.Mvc.UrlHelper.Content(string)",9,0.00,0.00,0.01,0.01,"System.Web.Mvc.dll",
"Microsoft.VisualStudio.Web.PageInspector.Runtime.WebForms.TraceData..ctor(string,int32,int32,bool)",198,0.00,0.00,0.00,0.00,"Microsoft.VisualStudio.Web.PageInspector.Runtime.dll",
"System.Int32.ToString()",220,0.00,0.00,0.00,0.00,"mscorlib.dll",
"get_Current()",160,0.00,0.00,0.00,0.00,"SmsFeedback_Take4.dll",
"<>f__AnonymousTypeb`2..ctor(!0,!1)",1,0.00,0.00,0.08,0.08,"SmsFeedback_Take4.dll",
"SmsFeedback_Take4.Controllers.ReportsController.InitializeInterval(valuetype System.DateTime,valuetype System.DateTime,string)",3,0.03,0.00,3.07,0.03,"SmsFeedback_Take4.dll",
"System.Collections.Generic.IEnumerable`1.GetEnumerator()",13,0.00,0.00,0.01,0.01,"mscorlib.dll",
"SmsFeedback_Take4.Utilities.ViewExtensionMethods.IsReleaseBuild(class System.Web.Mvc.HtmlHelper)",1,0.00,0.00,0.08,0.08,"SmsFeedback_Take4.dll",
"System.Linq.Enumerable.Union(class System.Collections.Generic.IEnumerable`1<!!0>,class System.Collections.Generic.IEnumerable`1<!!0>)",2,0.00,0.00,0.04,0.04,"System.Core.dll",
"get_Value()",320,0.00,0.00,0.00,0.00,"SmsFeedback_Take4.dll",
"System.Threading.Thread.set_CurrentUICulture(class System.Globalization.CultureInfo)",30,0.00,0.00,0.00,0.00,"mscorlib.dll",
"VirtCall:<>f__AnonymousTypea`1..ctor(!0)",1,0.00,0.00,0.08,0.08,"SmsFeedback_Take4.dll",
"<>f__AnonymousTypeb`2..ctor(!0,!1)",1,0.00,0.00,0.08,0.08,"SmsFeedback_Take4.dll",
"System.Web.HttpRequestBase.get_QueryString()",12,0.00,0.00,0.01,0.01,"System.Web.dll",
"SmsFeedback_EFModels.smsfeedbackEntities.get_Messages()",3,0.00,0.00,0.02,0.02,"SmsFeedback_EFModels.dll",
"SmsFeedback_Take4.Models.EFSmsRepository.<>c__DisplayClass17.<>c__DisplayClass19.<GetSpecialTags>b__12(class SmsFeedback_EFModels.TagTagType)",2,0.15,0.00,26.83,0.04,"SmsFeedback_Take4.dll",
"ASP.views_account_logon_aspx.__Render__control1(class System.Web.UI.HtmlTextWriter,class System.Web.UI.Control)",1,0.75,0.00,264.70,0.07,"App_Web_p4nolezm.dll",
"ASP.views_shared_site_master..ctor()",2,0.00,0.00,0.27,0.04,"App_Web_yflvtg5g.dll",
"VirtCall:<>f__AnonymousType0`2.get_count()",15,0.00,0.00,0.00,0.00,"SmsFeedback_Take4.dll",
"System.Web.UI.Page.get_User()",2,0.00,0.00,0.03,0.03,"System.Web.dll",
"System.Web.Mvc.ViewPage`1.get_Html()",13,0.00,0.00,0.01,0.01,"System.Web.Mvc.dll",
"System.Web.UI.HtmlControls.HtmlLink..ctor()",2,0.00,0.00,0.03,0.03,"System.Web.dll",
"System.Collections.Generic.Dictionary`2..ctor()",2,0.00,0.00,0.03,0.03,"mscorlib.dll",
"VirtCall:<>f__AnonymousTypea`1..ctor(!0)",1,0.00,0.00,0.07,0.07,"SmsFeedback_Take4.dll",
"System.Web.UI.Page.GetWrappedFileDependencies(string[])",1,0.00,0.00,0.07,0.07,"System.Web.dll",
"System.Web.UI.HtmlControls.HtmlTitle..ctor()",1,0.00,0.00,0.07,0.07,"System.Web.dll",
"System.Web.UI.MasterPage.get_ContentTemplates()",24,0.00,0.00,0.00,0.00,"System.Web.dll",
"System.Linq.Enumerable.First(class System.Collections.Generic.IEnumerable`1<!!0>)",5,0.00,0.00,0.01,0.01,"System.Core.dll",
"System.Web.HttpUtility.HtmlEncode(string)",57,0.00,0.00,0.00,0.00,"System.Web.dll",
"VirtCall:<>f__AnonymousTyped`1..ctor(!0)",1,0.00,0.00,0.06,0.06,"SmsFeedback_Take4.dll",
"ASP.views_home_index_aspx.__RenderContent3(class System.Web.UI.HtmlTextWriter,class System.Web.UI.Control)",1,0.01,0.00,2.98,0.06,"App_Web_lmlzbbtf.dll",
"ASP.global_asax..ctor()",2,0.00,0.00,0.29,0.03,"App_global.asax.6i0zhojk.dll",
"System.Web.Mvc.EmptyResult..ctor()",2,0.00,0.00,0.03,0.03,"System.Web.Mvc.dll",
"SmsFeedback_Take4.Controllers.HomeController.Index()",1,0.00,0.00,0.16,0.06,"SmsFeedback_Take4.dll",
"VirtCall:<>f__AnonymousTyped`1..ctor(!0)",1,0.00,0.00,0.06,0.06,"SmsFeedback_Take4.dll",
"Resources.Global.get_ResourceManager()",178,0.00,0.00,0.00,0.00,"SmsFeedback_Take4.dll",
"System.Web.UI.Page.InitializeCulture()",1,0.00,0.00,0.06,0.06,"System.Web.dll",
"System.Web.Mvc.Controller.get_ModelState()",1,0.00,0.00,0.06,0.06,"System.Web.Mvc.dll",
"System.Web.Routing.RouteValueDictionary.get_Item(string)",66,0.00,0.00,0.00,0.00,"System.Web.dll",
"ASP.views_account_logon_aspx..ctor()",1,0.02,0.00,5.74,0.06,"App_Web_p4nolezm.dll",
"ASP.views_shared_site_master.__Render__control1(class System.Web.UI.HtmlTextWriter,class System.Web.UI.Control)",2,0.31,0.00,54.03,0.03,"App_Web_yflvtg5g.dll",
"System.DateTime.AddHours(float64)",13,0.00,0.00,0.00,0.00,"mscorlib.dll",
"System.Object.ReferenceEquals(object,object)",178,0.00,0.00,0.00,0.00,"mscorlib.dll",
"System.Collections.Generic.Dictionary`2.Add(!0,!1)",64,0.00,0.00,0.00,0.00,"mscorlib.dll",
"SmsFeedback_Take4.Utilities.SwitchLanguageHelper.Language.set_Url(string)",12,0.00,0.00,0.00,0.00,"SmsFeedback_Take4.dll",
"SmsFeedback_Take4.Models.ConvTag.set_CompanyName(string)",2,0.00,0.00,0.03,0.03,"SmsFeedback_Take4.dll",
"System.Web.UI.Control.BeginRenderTracing(class System.IO.TextWriter,object)",57,0.00,0.00,0.00,0.00,"System.Web.dll",
"System.IO.TextWriter.Write(string)",55,0.00,0.00,0.00,0.00,"mscorlib.dll",
"SmsFeedback_Take4.Utilities.SwitchLanguageHelper.Language.get_Url()",12,0.00,0.00,0.00,0.00,"SmsFeedback_Take4.dll",
"System.Security.Principal.IIdentity.get_Name()",32,0.00,0.00,0.00,0.00,"mscorlib.dll",
"System.Collections.Generic.IEnumerable`1.GetEnumerator()",168,0.00,0.00,0.00,0.00,"mscorlib.dll",
"SmsFeedback_Take4.Models.ConvTag.set_IsDefault(bool)",2,0.00,0.00,0.02,0.02,"SmsFeedback_Take4.dll",
"SmsFeedback_Take4.Models.ConvTag.set_Name(string)",2,0.00,0.00,0.02,0.02,"SmsFeedback_Take4.dll",
"System.Collections.Generic.IEnumerable`1.GetEnumerator()",26,0.00,0.00,0.00,0.00,"mscorlib.dll",
"ASP.global_asax..ctor()",6,0.00,0.00,0.03,0.01,"App_global.asax.6i0zhojk.dll",
"System.Web.UI.Control.EndRenderTracing(class System.IO.TextWriter,object)",57,0.00,0.00,0.00,0.00,"System.Web.dll",
"SmsFeedback_Take4.Utilities.SwitchLanguageHelper.Language.set_ActionName(string)",12,0.00,0.00,0.00,0.00,"SmsFeedback_Take4.dll",
"System.Linq.Expressions.Expression.New(class System.Reflection.ConstructorInfo,class System.Linq.Expressions.Expression[])",9,0.00,0.00,0.01,0.01,"System.Core.dll",
"System.Web.Mvc.UrlHelper.Content(string)",3,0.00,0.00,0.02,0.02,"System.Web.Mvc.dll",
"SmsFeedback_EFModels.Message.get_ResponseTime()",493,0.00,0.00,0.00,0.00,"SmsFeedback_EFModels.dll",
"ASP.views_home_index_aspx..ctor()",1,0.00,0.00,0.08,0.04,"App_Web_lmlzbbtf.dll",
"SmsFeedback_Take4.Utilities.SwitchLanguageHelper.Language.set_ControllerName(string)",12,0.00,0.00,0.00,0.00,"SmsFeedback_Take4.dll",
"SmsFeedback_Take4.Models.ConvTag.set_Description(string)",2,0.00,0.00,0.02,0.02,"SmsFeedback_Take4.dll",
"System.Collections.Generic.List`1.Add(!0)",320,0.00,0.00,0.00,0.00,"mscorlib.dll",
"SmsFeedback_Take4.Utilities.SwitchLanguageHelper.Language.set_RouteValues(class System.Web.Routing.RouteValueDictionary)",12,0.00,0.00,0.00,0.00,"SmsFeedback_Take4.dll",
"System.Collections.Generic.IEnumerable`1.GetEnumerator()",3,0.00,0.00,0.01,0.01,"mscorlib.dll",
"System.Text.RegularExpressions.GroupCollection.get_Item(int32)",130,0.00,0.00,0.00,0.00,"System.dll",
"SmsFeedback_Take4.Utilities.SwitchLanguageHelper.Language.set_IsSelected(bool)",12,0.00,0.00,0.00,0.00,"SmsFeedback_Take4.dll",
"System.Object..ctor()",455,0.00,0.00,0.00,0.00,"mscorlib.dll",
"<>f__AnonymousTypea`1.GetHashCode()",4,0.00,0.00,0.01,0.01,"SmsFeedback_Take4.dll",
"System.String.Concat(object[])",65,0.00,0.00,0.00,0.00,"mscorlib.dll",
"System.Collections.IDictionary.get_Item(object)",12,0.00,0.00,0.00,0.00,"mscorlib.dll",
"System.String.ToLower()",24,0.00,0.00,0.00,0.00,"mscorlib.dll",
"System.Linq.Expressions.Expression.Field(class System.Linq.Expressions.Expression,class System.Reflection.FieldInfo)",52,0.00,0.00,0.00,0.00,"System.Core.dll",
"System.Web.Mvc.Controller.get_Url()",15,0.00,0.00,0.00,0.00,"System.Web.Mvc.dll",
"ASP.views_home_index_aspx.__RenderContent2(class System.Web.UI.HtmlTextWriter,class System.Web.UI.Control)",1,0.01,0.00,3.09,0.04,"App_Web_lmlzbbtf.dll",
"System.Web.UI.Control.BeginRenderTracing(class System.IO.TextWriter,object)",60,0.00,0.00,0.00,0.00,"System.Web.dll",
"System.Web.UI.IParserAccessor.AddParsedSubObject(object)",6,0.00,0.00,0.01,0.01,"System.Web.dll",
"<>f__AnonymousTypea`1.GetHashCode()",4,0.00,0.00,0.01,0.01,"SmsFeedback_Take4.dll",
"SmsFeedback_Take4.Models.Helpers.RepDataRowCell..ctor(object,string)",164,0.00,0.00,0.00,0.00,"SmsFeedback_Take4.dll",
"System.Web.Mvc.HtmlHelper.get_RouteCollection()",12,0.00,0.00,0.00,0.00,"System.Web.Mvc.dll",
"System.Web.Mvc.ViewPage.get_Url()",15,0.00,0.00,0.00,0.00,"System.Web.Mvc.dll",
"System.DateTime.get_Day()",192,0.00,0.00,0.00,0.00,"mscorlib.dll",
"System.Collections.Generic.List`1..ctor()",128,0.00,0.00,0.00,0.00,"mscorlib.dll",
"System.Web.UI.IAttributeAccessor.SetAttribute(string,string)",14,0.00,0.00,0.00,0.00,"System.Web.dll",
"System.Text.RegularExpressions.Regex.Matches(string)",66,0.00,0.00,0.00,0.00,"System.dll",
"System.DateTime.get_Month()",192,0.00,0.00,0.00,0.00,"mscorlib.dll",
"System.Guid.NewGuid()",36,0.00,0.00,0.00,0.00,"mscorlib.dll",
"SmsFeedback_Take4.Models.Helpers.ReportSection..ctor(string,bool,class System.Collections.Generic.IEnumerable`1<class SmsFeedback_Take4.Models.Helpers.ReportResource>,string,string)",36,0.00,0.00,0.00,0.00,"SmsFeedback_Take4.dll",
"System.Collections.Generic.EqualityComparer`1.get_Default()",20,0.00,0.00,0.00,0.00,"mscorlib.dll",
"ASP.views_reports_index_aspx..ctor()",1,0.00,0.00,0.05,0.03,"App_Web_gsfdzgra.dll",
"System.Text.RegularExpressions.Match.get_Groups()",130,0.00,0.00,0.00,0.00,"System.dll",
"System.Collections.Generic.IEnumerable`1.GetEnumerator()",56,0.00,0.00,0.00,0.00,"mscorlib.dll",
"SmsFeedback_Take4.Controllers.ReportsController..ctor()",17,0.00,0.00,0.05,0.00,"SmsFeedback_Take4.dll",
"Microsoft.VisualStudio.Web.PageInspector.Runtime.WebForms.TraceData..ctor(string,int32,int32,bool)",57,0.00,0.00,0.00,0.00,"Microsoft.VisualStudio.Web.PageInspector.Runtime.dll",
"System.Collections.Generic.EqualityComparer`1.get_Default()",24,0.00,0.00,0.00,0.00,"mscorlib.dll",
"System.Web.HttpContextBase.get_Request()",44,0.00,0.00,0.00,0.00,"System.Web.dll",
"System.Web.Mvc.ViewPage`1..ctor()",1,0.00,0.00,0.03,0.03,"System.Web.Mvc.dll",
"SmsFeedback_Take4.Controllers.ReportsController.<>c__DisplayClassf7.<ComputeTotalNoOfClients>b__f1(class SmsFeedback_EFModels.Conversation)",112,0.00,0.00,0.00,0.00,"SmsFeedback_Take4.dll",
"System.Collections.Generic.List`1..ctor()",2,0.00,0.00,0.01,0.01,"mscorlib.dll",
"ASP.views_home_index_aspx.__RenderContent4(class System.Web.UI.HtmlTextWriter,class System.Web.UI.Control)",1,0.01,0.00,1.89,0.03,"App_Web_lmlzbbtf.dll",
"System.Web.Mvc.TagBuilder.MergeAttribute(string,string)",38,0.00,0.00,0.00,0.00,"System.Web.WebPages.dll",
"System.Web.HttpUtility.HtmlEncode(string)",34,0.00,0.00,0.00,0.00,"System.Web.dll",
"System.Linq.Expressions.Expression.Constant(object)",52,0.00,0.00,0.00,0.00,"System.Core.dll",
"System.Reflection.MethodBase.GetMethodFromHandle(valuetype System.RuntimeMethodHandle,valuetype System.RuntimeTypeHandle)",8,0.00,0.00,0.00,0.00,"mscorlib.dll",
"MoveNext()",224,0.00,0.00,0.00,0.00,"SmsFeedback_Take4.dll",
"System.Collections.Generic.Dictionary`2.get_Item(!0)",160,0.00,0.00,0.00,0.00,"mscorlib.dll",
"ASP.views_reports_index_aspx.__RenderContent2(class System.Web.UI.HtmlTextWriter,class System.Web.UI.Control)",1,0.01,0.00,1.87,0.02,"App_Web_gsfdzgra.dll",
"System.Collections.Generic.IEnumerator`1.get_Current()",272,0.00,0.00,0.00,0.00,"mscorlib.dll",
"System.String.Replace(string,string)",66,0.00,0.00,0.00,0.00,"mscorlib.dll",
"System.Threading.Thread.get_CurrentUICulture()",42,0.00,0.00,0.00,0.00,"mscorlib.dll",
"System.Web.Mvc.RouteCollectionExtensions.IgnoreRoute(class System.Web.Routing.RouteCollection,string)",1,0.00,0.00,0.02,0.02,"System.Web.Mvc.dll",
"System.String.Concat(string,string)",123,0.00,0.00,0.00,0.00,"mscorlib.dll",
"System.Web.Routing.RouteData.GetRequiredString(string)",32,0.00,0.00,0.00,0.00,"System.Web.dll",
"System.Web.UI.IParserAccessor.AddParsedSubObject(object)",4,0.00,0.00,0.01,0.01,"System.Web.dll",
"System.Collections.Generic.List`1..ctor()",61,0.00,0.00,0.00,0.00,"mscorlib.dll",
"System.Collections.Generic.IEnumerator`1.get_Current()",26,0.00,0.00,0.00,0.00,"mscorlib.dll",
"get_HasValue()",272,0.00,0.00,0.00,0.00,"SmsFeedback_Take4.dll",
"System.Collections.IList.Add(object)",12,0.00,0.00,0.00,0.00,"mscorlib.dll",
"System.Web.HttpContext.get_Current()",66,0.00,0.00,0.00,0.00,"System.Web.dll",
"SmsFeedback_Take4.Models.EFSmsRepository.<GetConversationsForNumbers>b__2(class SmsFeedback_Take4.Models.SmsMessage)",112,0.00,0.00,0.00,0.00,"SmsFeedback_Take4.dll",
"System.Web.HttpCookie.get_Value()",24,0.00,0.00,0.00,0.00,"System.Web.dll",
"ASP.views_home_index_aspx.__RenderContent5(class System.Web.UI.HtmlTextWriter,class System.Web.UI.Control)",1,0.01,0.00,1.78,0.02,"App_Web_lmlzbbtf.dll",
"System.Text.RegularExpressions.Capture.get_Value()",65,0.00,0.00,0.00,0.00,"System.dll",
"System.Collections.Generic.List`1..ctor()",3,0.00,0.00,0.01,0.01,"mscorlib.dll",
"get_Value()",221,0.00,0.00,0.00,0.00,"SmsFeedback_Take4.dll",
"SmsFeedback_Take4.Utilities.ViewExtensionMethods.UpdatedResourceLink(class System.Web.Mvc.UrlHelper,string)",26,0.01,0.00,0.13,0.00,"SmsFeedback_Take4.dll",
"System.String.Concat(string,string,string)",100,0.00,0.00,0.00,0.00,"mscorlib.dll",
"Microsoft.VisualStudio.Web.PageInspector.Runtime.WebForms.TraceData..ctor(int32,int32,bool)",26,0.00,0.00,0.00,0.00,"Microsoft.VisualStudio.Web.PageInspector.Runtime.dll",
"System.Linq.Expressions.Expression.Parameter(class System.Type,string)",6,0.00,0.00,0.00,0.00,"System.Core.dll",
"System.Type.GetTypeFromHandle(valuetype System.RuntimeTypeHandle)",106,0.00,0.00,0.00,0.00,"mscorlib.dll",
"System.Web.HttpContextBase.get_Response()",30,0.00,0.00,0.00,0.00,"System.Web.dll",
"get_Current()",160,0.00,0.00,0.00,0.00,"SmsFeedback_Take4.dll",
"System.Web.Mvc.ViewPage`1..ctor()",1,0.00,0.00,0.01,0.01,"System.Web.Mvc.dll",
"SmsFeedback_EFModels.Conversation.get_StartTime()",120,0.00,0.00,0.00,0.00,"SmsFeedback_EFModels.dll",
"System.Web.Mvc.TagBuilder..ctor(string)",32,0.00,0.00,0.00,0.00,"System.Web.WebPages.dll",
"System.Web.UI.TemplateControl.set_AppRelativeVirtualPath(string)",4,0.00,0.00,0.00,0.00,"System.Web.dll",
"SmsFeedback_Take4.Utilities.ViewExtensionMethods.UpdatedResourceLink(class System.Web.Mvc.UrlHelper,string)",18,0.01,0.00,0.16,0.00,"SmsFeedback_Take4.dll",
"System.Collections.Generic.List`1.Add(!0)",66,0.00,0.00,0.00,0.00,"mscorlib.dll",
"System.Linq.Expressions.Expression.Equal(class System.Linq.Expressions.Expression,class System.Linq.Expressions.Expression)",7,0.00,0.00,0.00,0.00,"System.Core.dll",
"ASP.views_account_logon_aspx.__Render__control2(class System.Web.UI.HtmlTextWriter,class System.Web.UI.Control)",1,0.43,0.00,149.91,0.01,"App_Web_p4nolezm.dll",
"System.Web.Mvc.ViewPage.get_Url()",37,0.00,0.00,0.00,0.00,"System.Web.Mvc.dll",
"System.Web.HttpContext.get_Server()",66,0.00,0.00,0.00,0.00,"System.Web.dll",
"System.Web.HttpUtility.HtmlEncode(string)",8,0.00,0.00,0.00,0.00,"System.Web.dll",
"System.DateTime.get_Date()",13,0.00,0.00,0.00,0.00,"mscorlib.dll",
"System.Web.Routing.RouteData.get_Values()",78,0.00,0.00,0.00,0.00,"System.Web.dll",
"System.Threading.Thread.get_CurrentThread()",72,0.00,0.00,0.00,0.00,"mscorlib.dll",
"System.Globalization.CultureInfo.get_Name()",42,0.00,0.00,0.00,0.00,"mscorlib.dll",
"System.Collections.Generic.List`1.GetEnumerator()",64,0.00,0.00,0.00,0.00,"mscorlib.dll",
"System.Web.HttpUtility.HtmlEncode(object)",46,0.00,0.00,0.00,0.00,"System.Web.dll",
"MoveNext()",66,0.00,0.00,0.00,0.00,"SmsFeedback_Take4.dll",
"System.Random.Next(int32)",28,0.00,0.00,0.00,0.00,"mscorlib.dll",
"System.Web.Mvc.ControllerContext.get_RouteData()",44,0.00,0.00,0.00,0.00,"System.Web.Mvc.dll",
"System.Web.UI.HtmlControls.HtmlLink.set_Href(string)",6,0.00,0.00,0.00,0.00,"System.Web.dll",
"SmsFeedback_Take4.Utilities.CustomAuthorizeAtribute..ctor()",7,0.00,0.00,0.23,0.00,"SmsFeedback_Take4.dll",
"System.String.Equals(string,valuetype System.StringComparison)",12,0.00,0.00,0.00,0.00,"mscorlib.dll",
"System.Collections.Generic.IEnumerator`1.get_Current()",15,0.00,0.00,0.00,0.00,"mscorlib.dll",
"SmsFeedback_Take4.Controllers.XmppController.GetConnectionDetailsForLoggedInUser()",2,1.29,0.00,226.01,0.00,"SmsFeedback_Take4.dll",
"SmsFeedback_Take4.Utilities.ViewExtensionMethods.UpdatedResourceLink(class System.Web.Mvc.UrlHelper,string)",16,0.01,0.00,0.13,0.00,"SmsFeedback_Take4.dll",
"System.Globalization.CultureInfo.get_InvariantCulture()",26,0.00,0.00,0.00,0.00,"mscorlib.dll",
"System.Web.Mvc.HtmlHelper.get_ViewContext()",82,0.00,0.00,0.00,0.00,"System.Web.Mvc.dll",
"SmsFeedback_Take4.Controllers.ConversationsController..ctor()",4,0.00,0.00,0.06,0.00,"SmsFeedback_Take4.dll",
"System.Security.Principal.IPrincipal.IsInRole(string)",1,0.00,0.00,0.01,0.01,"mscorlib.dll",
"ASP.views_shared_logonusercontrol_ascx.__Render__control1(class System.Web.UI.HtmlTextWriter,class System.Web.UI.Control)",2,0.01,0.00,1.01,0.00,"App_Web_yflvtg5g.dll",
"SmsFeedback_Take4.Controllers.ReportsController.Dispose(bool)",17,0.00,0.00,0.01,0.00,"SmsFeedback_Take4.dll",
"System.Web.Mvc.GlobalFilters.get_Filters()",1,0.00,0.00,0.01,0.01,"System.Web.Mvc.dll",
"<>f__AnonymousTypec`3.GetHashCode()",8,0.00,0.00,0.02,0.00,"SmsFeedback_Take4.dll",
"System.Func`2..ctor(object,native int)",25,0.00,0.00,0.00,0.00,"mscorlib.dll",
"System.Web.UI.Page.set_MasterPageFile(string)",1,0.00,0.00,0.01,0.01,"System.Web.dll",
"System.Collections.Generic.List`1.GetEnumerator()",2,0.00,0.00,0.00,0.00,"mscorlib.dll",
"ASP.views_reports_index_aspx.__RenderContent3(class System.Web.UI.HtmlTextWriter,class System.Web.UI.Control)",1,0.00,0.00,1.01,0.01,"App_Web_gsfdzgra.dll",
"System.Linq.Expressions.Expression.AndAlso(class System.Linq.Expressions.Expression,class System.Linq.Expressions.Expression)",12,0.00,0.00,0.00,0.00,"System.Core.dll",
"System.Web.HttpUtility.HtmlEncode(object)",19,0.00,0.00,0.00,0.00,"System.Web.dll",
"SmsFeedback_Take4.Controllers.ReportsController.GetAvgNoOfSmsPerClientInfo(string,string,string,string)",1,0.17,0.00,61.15,0.01,"SmsFeedback_Take4.dll",
"System.Collections.Generic.EqualityComparer`1.GetHashCode(!0)",20,0.00,0.00,0.00,0.00,"mscorlib.dll",
"System.Web.UI.Control.get_Controls()",18,0.00,0.00,0.00,0.00,"System.Web.dll",
"<>f__AnonymousTypec`3.GetHashCode()",8,0.00,0.00,0.00,0.00,"SmsFeedback_Take4.dll",
"get_Current()",64,0.00,0.00,0.00,0.00,"SmsFeedback_Take4.dll",
"System.Collections.Generic.EqualityComparer`1.GetHashCode(!0)",24,0.00,0.00,0.00,0.00,"mscorlib.dll",
"System.Collections.Generic.List`1.Contains(!0)",6,0.00,0.00,0.00,0.00,"mscorlib.dll",
"System.Collections.Generic.EqualityComparer`1.get_Default()",8,0.00,0.00,0.00,0.00,"mscorlib.dll",
"System.Web.UI.Page.AddContentTemplate(string,class System.Web.UI.ITemplate)",5,0.00,0.00,0.00,0.00,"System.Web.dll",
"System.Func`2..ctor(object,native int)",24,0.00,0.00,0.00,0.00,"mscorlib.dll",
"SmsFeedback_Take4.Controllers.MessagesController..ctor()",2,0.21,0.00,37.63,0.00,"SmsFeedback_Take4.dll",
"System.Collections.Specialized.NameValueCollection.get_Item(string)",8,0.00,0.00,0.00,0.00,"System.dll",
"System.Linq.Expressions.Expression.Condition(class System.Linq.Expressions.Expression,class System.Linq.Expressions.Expression,class System.Linq.Expressions.Expression)",8,0.00,0.00,0.00,0.00,"System.Core.dll",
"System.Web.UI.TemplateControl.set_AppRelativeVirtualPath(string)",1,0.00,0.00,0.01,0.01,"System.Web.dll",
"System.Web.Mvc.TagBuilder.GenerateId(string)",2,0.00,0.00,0.00,0.00,"System.Web.WebPages.dll",
"get_Value()",64,0.00,0.00,0.00,0.00,"SmsFeedback_Take4.dll",
"System.Linq.Expressions.Expression.Constant(object,class System.Type)",15,0.00,0.00,0.00,0.00,"System.Core.dll",
"System.Collections.Generic.EqualityComparer`1.get_Default()",8,0.00,0.00,0.00,0.00,"mscorlib.dll",
"System.Web.Mvc.Html.LinkHelper.MenuLinkForMessages(class System.Web.Mvc.HtmlHelper,string,string,string,string)",2,0.00,0.00,0.10,0.00,"SmsFeedback_Take4.dll",
"ASP.views_shared_site_master.__BuildControlTitleContent()",2,0.00,0.00,0.54,0.00,"App_Web_yflvtg5g.dll",
"System.Web.Mvc.TagBuilder.AddCssClass(string)",4,0.00,0.00,0.00,0.00,"System.Web.WebPages.dll",
"System.Web.UI.ControlCollection.get_Item(int32)",18,0.00,0.00,0.00,0.00,"System.Web.dll",
"ASP.views_reports_index_aspx.__BuildControlTree(class ASP.views_reports_index_aspx)",1,0.00,0.00,0.05,0.00,"App_Web_gsfdzgra.dll",
"System.Web.Routing.RouteValueDictionary.Add(string,object)",4,0.00,0.00,0.00,0.00,"System.Web.dll",
"System.Web.HttpUtility.HtmlEncode(object)",17,0.00,0.00,0.00,0.00,"System.Web.dll",
"System.Web.UI.TemplateControl.set_AppRelativeVirtualPath(string)",1,0.00,0.00,0.00,0.00,"System.Web.dll",
"SmsFeedback_Take4.Controllers.XmppController..ctor()",2,0.30,0.00,53.34,0.00,"SmsFeedback_Take4.dll",
"SmsFeedback_Take4.Utilities.ViewExtensionMethods.ImageLink(class System.Web.Mvc.UrlHelper,string,string,string,string,string,object,string)",2,0.00,0.00,0.23,0.00,"SmsFeedback_Take4.dll",
"System.DateTime.AddMinutes(float64)",13,0.00,0.00,0.00,0.00,"mscorlib.dll",
"<>f__AnonymousType1`2.GetHashCode()",8,0.00,0.00,0.00,0.00,"App_Web_p4nolezm.dll",
"System.Security.Principal.IIdentity.get_Name()",2,0.00,0.00,0.00,0.00,"mscorlib.dll",
"SmsFeedback_Take4.Controllers.ReportsController.GetAvgNoOfOutgoingSmsPerClientInfo(string,string,string,string,string)",1,3.76,0.00,"1,318.50",0.00,"SmsFeedback_Take4.dll",
"System.Collections.Generic.Dictionary`2.GetEnumerator()",2,0.00,0.00,0.00,0.00,"mscorlib.dll",
"ASP.views_shared_site_master.__BuildControlMainContent()",2,0.00,0.00,0.21,0.00,"App_Web_yflvtg5g.dll",
"System.Security.Principal.IPrincipal.get_Identity()",2,0.00,0.00,0.00,0.00,"mscorlib.dll",
"System.Web.UI.Page.get_Server()",1,0.00,0.00,0.00,0.00,"System.Web.dll",
"System.Web.UI.Control.SetRenderMethodDelegate(class System.Web.UI.RenderMethod)",5,0.00,0.00,0.00,0.00,"System.Web.dll",
"System.Web.UI.Control.SetRenderMethodDelegate(class System.Web.UI.RenderMethod)",6,0.00,0.00,0.00,0.00,"System.Web.dll",
"System.Collections.Generic.EqualityComparer`1.get_Default()",12,0.00,0.00,0.00,0.00,"mscorlib.dll",
"System.Collections.Generic.EqualityComparer`1.get_Default()",12,0.00,0.00,0.00,0.00,"mscorlib.dll",
"SmsFeedback_Take4.Controllers.AccountController.LogOn(class SmsFeedback_Take4.Models.LogOnModel,string)",1,8.78,0.00,"3,082.26",0.00,"SmsFeedback_Take4.dll",
"System.Collections.Specialized.NameObjectCollectionBase.GetEnumerator()",12,0.00,0.00,0.00,0.00,"System.dll",
"System.Web.UI.Page.AddWrappedFileDependencies(object)",1,0.00,0.00,0.00,0.00,"System.Web.dll",
"ASP.views_home_index_aspx.__BuildControlTree(class ASP.views_home_index_aspx)",1,0.00,0.00,1.17,0.00,"App_Web_lmlzbbtf.dll",
"System.Web.UI.Control.set_ID(string)",12,0.00,0.00,0.00,0.00,"System.Web.dll",
"SmsFeedback_Take4.Controllers.ConversationsController.get_SMSRepository()",6,0.00,0.00,0.00,0.00,"SmsFeedback_Take4.dll",
"System.DateTime.AddSeconds(float64)",13,0.00,0.00,0.00,0.00,"mscorlib.dll",
"SmsFeedback_Take4.MvcLocalization.Models.LocalizationDisplayNameAttribute..ctor(string,class System.Type)",3,0.00,0.00,0.25,0.00,"SmsFeedback_Take4.dll",
"ASP.views_shared_site_master.__BuildControlIncludesArea()",2,0.00,0.00,0.20,0.00,"App_Web_yflvtg5g.dll",
"System.Type.GetTypeFromHandle(valuetype System.RuntimeTypeHandle)",26,0.00,0.00,0.00,0.00,"mscorlib.dll",
"ASP.views_account_logon_aspx.__BuildControl__control3()",1,0.01,0.00,4.97,0.00,"App_Web_p4nolezm.dll",
"ASP.views_shared_site_master.__BuildControlTemplatesArea()",2,0.00,0.00,0.18,0.00,"App_Web_yflvtg5g.dll",
"ASP.views_shared_site_master.__BuildControlLeftSideArea()",2,0.00,0.00,0.47,0.00,"App_Web_yflvtg5g.dll",
"System.Collections.Generic.IEnumerator`1.get_Current()",6,0.00,0.00,0.00,0.00,"mscorlib.dll",
"System.String.Join(string,string[])",2,0.00,0.00,0.00,0.00,"mscorlib.dll",
"SmsFeedback_Take4.Models.Helpers.Report..ctor(int32,string,string,class System.Collections.Generic.IEnumerable`1<class SmsFeedback_Take4.Models.Helpers.ReportSection>)",10,0.00,0.00,0.00,0.00,"SmsFeedback_Take4.dll",
"ASP.views_shared_site_master.__BuildControl__control8()",2,0.00,0.00,0.01,0.00,"App_Web_yflvtg5g.dll",
"ASP.views_shared_site_master.__BuildControlFilterArea()",2,0.00,0.00,0.08,0.00,"App_Web_yflvtg5g.dll",
"Resources.Global.get_LogOnModel_UserName_DisplayName()",4,0.00,0.00,0.01,0.00,"SmsFeedback_Take4.dll",
"System.Web.Mvc.Controller.Dispose(bool)",28,0.00,0.00,0.00,0.00,"System.Web.Mvc.dll",
"SmsFeedback_Take4.Utilities.ConversationUtilities.CleanUpPhoneNumber(string)",2,0.01,0.00,1.34,0.00,"SmsFeedback_Take4.dll",
"System.Web.UI.LiteralControl..ctor(string)",4,0.00,0.00,0.00,0.00,"System.Web.dll",
"ASP.views_shared_site_master.__BuildControl__control5()",2,0.00,0.00,0.01,0.00,"App_Web_yflvtg5g.dll",
"System.Web.UI.HtmlControls.HtmlHead..ctor(string)",2,0.00,0.00,0.00,0.00,"System.Web.dll",
"ASP.views_shared_site_master.__BuildControl__control6()",2,0.00,0.00,0.01,0.00,"App_Web_yflvtg5g.dll",
"SmsFeedback_Take4.MvcApplication.RegisterRoutes(class System.Web.Routing.RouteCollection)",1,0.06,0.00,22.30,0.00,"SmsFeedback_Take4.dll",
"SmsFeedback_Take4.Models.Helpers.ChartValue.set_value(int32)",15,0.00,0.00,0.00,0.00,"SmsFeedback_Take4.dll",
"ASP.views_shared_site_master.__BuildControl__control4()",2,0.00,0.00,0.22,0.00,"App_Web_yflvtg5g.dll",
"SmsFeedback_Take4.Utilities.ViewExtensionMethods.ImageLink(class System.Web.Mvc.HtmlHelper,string,string,object,object,string,bool)",8,0.00,0.00,0.06,0.00,"SmsFeedback_Take4.dll",
"SmsFeedback_Take4.Controllers.MessagesController.SMSSSubscriptionStatus()",2,2.03,0.00,355.85,0.00,"SmsFeedback_Take4.dll",
"ASP.views_reports_index_aspx.__RenderContent1(class System.Web.UI.HtmlTextWriter,class System.Web.UI.Control)",1,0.00,0.00,0.24,0.00,"App_Web_gsfdzgra.dll",
"System.Web.HttpRequest.get_IsAuthenticated()",2,0.00,0.00,0.00,0.00,"System.Web.dll",
"ASP.views_shared_site_master.__BuildControl__control7()",2,0.00,0.00,0.01,0.00,"App_Web_yflvtg5g.dll",
"<>f__AnonymousTypee`1.GetHashCode()",4,0.00,0.00,0.00,0.00,"SmsFeedback_Take4.dll",
"System.Web.UI.Page.AddWrappedFileDependencies(object)",1,0.00,0.00,0.00,0.00,"System.Web.dll",
"System.Web.Mvc.ViewPage.get_Url()",19,0.00,0.00,0.00,0.00,"System.Web.Mvc.dll",
"System.Web.UI.LiteralControl..ctor(string)",6,0.00,0.00,0.00,0.00,"System.Web.dll",
"System.Web.UI.HtmlControls.HtmlLink..ctor()",6,0.00,0.00,0.00,0.00,"System.Web.dll",
"<>f__AnonymousTyped`1.GetHashCode()",4,0.00,0.00,0.00,0.00,"SmsFeedback_Take4.dll",
"System.Web.HttpServerUtility.set_ScriptTimeout(int32)",1,0.00,0.00,0.00,0.00,"System.Web.dll",
"System.String.Concat(object,object)",2,0.00,0.00,0.00,0.00,"mscorlib.dll",
"<>f__AnonymousTypeb`2.GetHashCode()",4,0.00,0.00,0.00,0.00,"SmsFeedback_Take4.dll",
"SmsFeedback_Take4.Controllers.WorkingPointsController.Dispose(bool)",2,0.00,0.00,0.02,0.00,"SmsFeedback_Take4.dll",
"SmsFeedback_Take4.Controllers.ReportsController.<>c__DisplayClassff.<ComputeTotalNoOfClients>b__f9(class SmsFeedback_EFModels.Message)",3,0.01,0.00,0.69,0.00,"SmsFeedback_Take4.dll",
"System.Web.UI.Page.FrameworkInitialize()",1,0.00,0.00,0.00,0.00,"System.Web.dll",
"System.Web.HttpServerUtility.set_ScriptTimeout(int32)",1,0.00,0.00,0.00,0.00,"System.Web.dll",
"System.Collections.IEnumerator.get_Current()",4,0.00,0.00,0.00,0.00,"mscorlib.dll",
"<>f__AnonymousTypeb`2.GetHashCode()",4,0.00,0.00,0.00,0.00,"SmsFeedback_Take4.dll",
"SmsFeedback_Take4.Controllers.ErrorLogController.LogDebug(string,string)",2,0.00,0.00,0.24,0.00,"SmsFeedback_Take4.dll",
"System.Web.UI.Control.SetRenderMethodDelegate(class System.Web.UI.RenderMethod)",4,0.00,0.00,0.00,0.00,"System.Web.dll",
"System.Web.Mvc.UrlHelper..ctor(class System.Web.Routing.RequestContext,class System.Web.Routing.RouteCollection)",12,0.00,0.00,0.00,0.00,"System.Web.Mvc.dll",
"SmsFeedback_Take4.MvcApplication.RegisterRoutes(class System.Web.Routing.RouteCollection)",1,0.01,0.00,3.31,0.00,"SmsFeedback_Take4.dll",
"System.Web.Mvc.ControllerContext.get_Controller()",14,0.00,0.00,0.00,0.00,"System.Web.Mvc.dll",
"ASP.views_account_logon_aspx.__Render__control5(class System.Web.UI.HtmlTextWriter,class System.Web.UI.Control)",1,0.34,0.00,120.29,0.00,"App_Web_p4nolezm.dll",
"Resources.Global.get_RepTotalNoOfClients()",6,0.00,0.00,0.00,0.00,"SmsFeedback_Take4.dll",
"SmsFeedback_Take4.Controllers.ErrorLogController..ctor()",2,0.00,0.00,0.00,0.00,"SmsFeedback_Take4.dll",
"ASP.views_reports_index_aspx.__BuildControl__control2()",1,0.00,0.00,0.38,0.00,"App_Web_gsfdzgra.dll",
"Resources.Global.get_RepSmsUnit()",5,0.00,0.00,0.01,0.00,"SmsFeedback_Take4.dll",
"System.Collections.Generic.EqualityComparer`1.get_Default()",8,0.00,0.00,0.00,0.00,"mscorlib.dll",
"0x2B0000B6",24,0.00,0.00,0.00,0.00,"SmsFeedback_Take4.dll",
"SmsFeedback_Take4.Controllers.ConversationsController.Dispose(bool)",4,0.00,0.00,0.01,0.00,"SmsFeedback_Take4.dll",
"Resources.Global.get_LogOnModel_Password_DisplayName()",4,0.00,0.00,0.00,0.00,"SmsFeedback_Take4.dll",
"SmsFeedback_Take4.Models.Helpers.RepDataColumn..ctor(string,string,string)",7,0.00,0.00,0.00,0.00,"SmsFeedback_Take4.dll",
"System.Web.UI.Control.get_Controls()",4,0.00,0.00,0.00,0.00,"System.Web.dll",
"System.Web.Mvc.TagBuilder.SetInnerText(string)",2,0.00,0.00,0.00,0.00,"System.Web.WebPages.dll",
"System.Collections.Generic.Dictionary`2..ctor()",2,0.00,0.00,0.00,0.00,"mscorlib.dll",
"Resources.Global.get_LogOnModel_RememberMe_DisplayName()",4,0.00,0.00,0.00,0.00,"SmsFeedback_Take4.dll",
"SmsFeedback_Take4.Controllers.AccountController.LogOn()",1,0.00,0.00,1.25,0.00,"SmsFeedback_Take4.dll",
"ASP.views_shared_logonusercontrol_ascx..ctor()",2,0.00,0.00,0.06,0.00,"App_Web_yflvtg5g.dll",
"System.Web.Mvc.ControllerBase.get_ViewData()",3,0.00,0.00,0.00,0.00,"System.Web.Mvc.dll",
"System.Collections.Generic.EqualityComparer`1.GetHashCode(!0)",8,0.00,0.00,0.00,0.00,"mscorlib.dll",
"ASP.views_reports_index_aspx.__RenderContent4(class System.Web.UI.HtmlTextWriter,class System.Web.UI.Control)",1,0.00,0.00,0.02,0.00,"App_Web_gsfdzgra.dll",
"System.Web.Mvc.ControllerContext.get_RequestContext()",12,0.00,0.00,0.00,0.00,"System.Web.Mvc.dll",
"System.Web.UI.RenderMethod..ctor(object,native int)",5,0.00,0.00,0.00,0.00,"System.Web.dll",
"System.String.Substring(int32,int32)",6,0.00,0.00,0.00,0.00,"mscorlib.dll",
"<>f__AnonymousTyped`1.GetHashCode()",4,0.00,0.00,0.00,0.00,"SmsFeedback_Take4.dll",
"System.Collections.Generic.EqualityComparer`1.GetHashCode(!0)",12,0.00,0.00,0.00,0.00,"mscorlib.dll",
"SmsFeedback_Take4.Controllers.XmppController.Dispose(bool)",2,0.00,0.00,0.49,0.00,"SmsFeedback_Take4.dll",
"System.Web.Routing.RouteValueDictionary.ContainsKey(string)",4,0.00,0.00,0.00,0.00,"System.Web.dll",
"get_Value()",7,0.00,0.00,0.00,0.00,"SmsFeedback_Take4.dll",
"System.String.IsNullOrWhiteSpace(string)",10,0.00,0.00,0.00,0.00,"mscorlib.dll",
"Resources.Global.get_RepIncomingSmsChart()",3,0.00,0.00,0.01,0.00,"SmsFeedback_Take4.dll",
"SmsFeedback_Take4.Controllers.TagsController.get_SMSRepository()",1,0.00,0.00,0.01,0.00,"SmsFeedback_Take4.dll",
"System.Web.Mvc.TagBuilder.set_InnerHtml(string)",16,0.00,0.00,0.00,0.00,"System.Web.WebPages.dll",
"Resources.Global.get_RepOverview()",3,0.00,0.00,0.01,0.00,"SmsFeedback_Take4.dll",
"System.Collections.Generic.List`1.Add(!0)",3,0.00,0.00,0.00,0.00,"mscorlib.dll",
"System.Web.UI.Page.InitializeCulture()",1,0.00,0.00,0.00,0.00,"System.Web.dll",
"System.Collections.Generic.EqualityComparer`1.GetHashCode(!0)",12,0.00,0.00,0.00,0.00,"mscorlib.dll",
"Resources.Global.get_RepAvgNoOfTagsPerConversation()",4,0.00,0.00,0.00,0.00,"SmsFeedback_Take4.dll",
"System.Web.UI.Page.InitializeCulture()",1,0.00,0.00,0.00,0.00,"System.Web.dll",
"System.Web.UI.RenderMethod..ctor(object,native int)",4,0.00,0.00,0.00,0.00,"System.Web.dll",
"Resources.Global.get_RepMostUsedTag()",4,0.00,0.00,0.00,0.00,"SmsFeedback_Take4.dll",
"Resources.Global.get_tooltipWpImg()",1,0.00,0.00,0.02,0.00,"SmsFeedback_Take4.dll",
"System.Web.UI.RenderMethod..ctor(object,native int)",3,0.00,0.00,0.00,0.00,"System.Web.dll",
"Resources.Global.get_RepPositiveNegativeTransitionsChartTitle()",4,0.00,0.00,0.00,0.00,"SmsFeedback_Take4.dll",
"SmsFeedback_Take4.Models.Helpers.RepInfoBox..ctor(object,string)",7,0.00,0.00,0.00,0.00,"SmsFeedback_Take4.dll",
"ASP.views_home_index_aspx.__RenderContent1(class System.Web.UI.HtmlTextWriter,class System.Web.UI.Control)",1,0.00,0.00,0.15,0.00,"App_Web_lmlzbbtf.dll",
"System.Collections.Generic.EqualityComparer`1.GetHashCode(!0)",8,0.00,0.00,0.00,0.00,"mscorlib.dll",
"SmsFeedback_Take4.Controllers.TagsController.Dispose(bool)",1,0.00,0.00,0.01,0.00,"SmsFeedback_Take4.dll",
"Resources.Global.get_RepSmsPerClient()",2,0.00,0.00,0.01,0.00,"SmsFeedback_Take4.dll",
"System.Web.UI.Page.get_Server()",1,0.00,0.00,0.00,0.00,"System.Web.dll",
"SmsFeedback_Take4.Controllers.MessagesController.Dispose(bool)",2,0.00,0.00,0.02,0.00,"SmsFeedback_Take4.dll",
"Resources.Global.get_tooltipMarkAsFavouriteImg()",2,0.00,0.00,0.01,0.00,"SmsFeedback_Take4.dll",
"Resources.Global.get_RepTotalNoOfSms()",2,0.00,0.00,0.01,0.00,"SmsFeedback_Take4.dll",
"System.Web.Mvc.ControllerContext.get_HttpContext()",12,0.00,0.00,0.00,0.00,"System.Web.Mvc.dll",
"Resources.Global.get_RepTags()",3,0.00,0.00,0.00,0.00,"SmsFeedback_Take4.dll",
"ASP.views_account_logon_aspx.__BuildControl__control5()",1,0.00,0.00,0.45,0.00,"App_Web_p4nolezm.dll",
"Resources.Global.get_RepIncomingVsOutgoing()",3,0.00,0.00,0.00,0.00,"SmsFeedback_Take4.dll",
"System.Collections.Generic.Dictionary`2.get_Item(!0)",2,0.00,0.00,0.00,0.00,"mscorlib.dll",
"Resources.Global.get_LogOnModel_UserName_Required()",1,0.00,0.00,0.02,0.00,"SmsFeedback_Take4.dll",
"Resources.Global.get_RepTotalSmsChart()",1,0.00,0.00,0.01,0.00,"SmsFeedback_Take4.dll",
"System.Collections.Generic.EqualityComparer`1.GetHashCode(!0)",8,0.00,0.00,0.00,0.00,"mscorlib.dll",
"SmsFeedback_Take4.Controllers.ReportsController.Index()",1,0.00,0.00,0.01,0.00,"SmsFeedback_Take4.dll",
"get_HasValue()",7,0.00,0.00,0.00,0.00,"SmsFeedback_Take4.dll",
"System.Web.UI.ControlCollection.get_Item(int32)",4,0.00,0.00,0.00,0.00,"System.Web.dll",
"ASP.views_account_logon_aspx.ProcessRequest(class System.Web.HttpContext)",1,1.02,0.00,357.96,0.00,"App_Web_p4nolezm.dll",
"Resources.Global.get_RepOutgoingSmsChart()",3,0.00,0.00,0.00,0.00,"SmsFeedback_Take4.dll",
"Resources.Global.get_RepAvgNoOfSmsPerDay()",2,0.00,0.00,0.00,0.00,"SmsFeedback_Take4.dll",
"System.Web.Mvc.ViewDataDictionary.get_Item(string)",1,0.00,0.00,0.00,0.00,"System.Web.Mvc.dll",
"Resources.Global.get_RepIncomingOutgoingChartTitle()",2,0.00,0.00,0.01,0.00,"SmsFeedback_Take4.dll",
"ASP.views_account_logon_aspx.__BuildControl__control4()",1,0.00,0.00,0.02,0.00,"App_Web_p4nolezm.dll",
"System.Collections.Generic.EqualityComparer`1.GetHashCode(!0)",8,0.00,0.00,0.00,0.00,"mscorlib.dll",
"System.Web.UI.Page.FrameworkInitialize()",1,0.00,0.00,0.00,0.00,"System.Web.dll",
"Resources.Global.get_tabSettings()",2,0.00,0.00,0.01,0.00,"SmsFeedback_Take4.dll",
"System.Type.GetTypeFromHandle(valuetype System.RuntimeTypeHandle)",10,0.00,0.00,0.00,0.00,"mscorlib.dll",
"Resources.Global.get_RepAvgNoOfSmsPerClient()",2,0.00,0.00,0.00,0.00,"SmsFeedback_Take4.dll",
"ASP.views_home_index_aspx.__BuildControlContent2(class System.Web.UI.Control)",1,0.00,0.00,0.00,0.00,"App_Web_lmlzbbtf.dll",
"System.Web.UI.RenderMethod..ctor(object,native int)",6,0.00,0.00,0.00,0.00,"System.Web.dll",
"Resources.Global.get_RepExportToExcel()",1,0.00,0.00,0.01,0.00,"SmsFeedback_Take4.dll",
"Resources.Global.get_btnNotificationSolve()",2,0.00,0.00,0.01,0.00,"SmsFeedback_Take4.dll",
"Resources.Global.get_RepAvgNoOfOutgoingSmsPerConversation()",2,0.00,0.00,0.01,0.00,"SmsFeedback_Take4.dll",
"Resources.Global.get_RepNoOfOutgoingSms()",2,0.00,0.00,0.01,0.00,"SmsFeedback_Take4.dll",
"System.DateTime.Subtract(valuetype System.DateTime)",3,0.00,0.00,0.00,0.00,"mscorlib.dll",
"Resources.Global.get_RepOverviewChartTitle()",2,0.00,0.00,0.01,0.00,"SmsFeedback_Take4.dll",
"SmsFeedback_Take4.Controllers.BaseController..cctor()",1,0.00,0.00,0.00,0.00,"SmsFeedback_Take4.dll",
"Resources.Global.get_RepAvgResponseTime()",2,0.00,0.00,0.00,0.00,"SmsFeedback_Take4.dll",
"System.Web.UI.Page.set_Title(string)",1,0.00,0.00,0.00,0.00,"System.Web.dll",
"System.String.IsNullOrEmpty(string)",7,0.00,0.00,0.00,0.00,"mscorlib.dll",
"System.Web.UI.TemplateControl.FrameworkInitialize()",4,0.00,0.00,0.00,0.00,"System.Web.dll",
"Resources.Global.get_RepNewVsReturning()",3,0.00,0.00,0.00,0.00,"SmsFeedback_Take4.dll",
"SmsFeedback_Take4.Models.AggregateSmsRepository.<UpdateConversationsFromExternalSources>b__2(class SmsFeedback_Take4.Models.WorkingPoint)",4,0.00,0.00,0.00,0.00,"SmsFeedback_Take4.dll",
"Resources.Global.get_RepNoOfConversationsByTagsChartTitle()",2,0.00,0.00,0.00,0.00,"SmsFeedback_Take4.dll",
"Resources.Global.get_tooltipIncludeSupportFilter()",1,0.00,0.00,0.02,0.00,"SmsFeedback_Take4.dll",
"SmsFeedback_Take4.Utilities.ViewExtensionMethods.IsReleaseBuild(class System.Web.Mvc.HtmlHelper)",4,0.00,0.00,0.00,0.00,"SmsFeedback_Take4.dll",
"System.Web.UI.HtmlControls.HtmlTitle..ctor()",2,0.00,0.00,0.00,0.00,"System.Web.dll",
"System.TimeSpan.get_Days()",3,0.00,0.00,0.00,0.00,"mscorlib.dll",
"Resources.Global.get_welcomeMessage()",2,0.00,0.00,0.01,0.00,"SmsFeedback_Take4.dll",
"Resources.Global.get_loadMoreConversations()",1,0.00,0.00,0.02,0.00,"SmsFeedback_Take4.dll",
"Resources.Global.get_RepTooltipPosNegFeedbackEvolution()",2,0.00,0.00,0.01,0.00,"SmsFeedback_Take4.dll",
"Resources.Global.get_RepPositiveNegativeEvolutionChartTitle()",2,0.00,0.00,0.00,0.00,"SmsFeedback_Take4.dll",
"Resources.Global.get_RepNoOfNewClients()",2,0.00,0.00,0.00,0.00,"SmsFeedback_Take4.dll",
"Resources.Global.get_RepTooltipPosNegFeedbackActivity()",2,0.00,0.00,0.01,0.00,"SmsFeedback_Take4.dll",
"Resources.Global.get_btnNotificationDismiss()",2,0.00,0.00,0.00,0.00,"SmsFeedback_Take4.dll",
"Resources.Global.get_RepNoOfIncomingSms()",2,0.00,0.00,0.00,0.00,"SmsFeedback_Take4.dll",
"Resources.Global.get_deleteMessage()",1,0.00,0.00,0.01,0.00,"SmsFeedback_Take4.dll",
"SmsFeedback_Take4.Controllers.HomeController..ctor()",1,0.00,0.00,0.00,0.00,"SmsFeedback_Take4.dll",
"Resources.Global.get_RepPositiveAndNegativeTitle()",2,0.00,0.00,0.00,0.00,"SmsFeedback_Take4.dll",
"Resources.Global.get_shareOnLinkedinTitle()",1,0.00,0.00,0.02,0.00,"SmsFeedback_Take4.dll",
"System.Func`2..ctor(object,native int)",3,0.00,0.00,0.00,0.00,"mscorlib.dll",
"Resources.Global.get_tooltipIncludeStarredInFilter()",1,0.00,0.00,0.02,0.00,"SmsFeedback_Take4.dll",
"System.Web.UI.CompiledTemplateBuilder..ctor(class System.Web.UI.BuildTemplateMethod)",5,0.00,0.00,0.00,0.00,"System.Web.dll",
"Resources.Global.get_RepPositiveNegativeActivityChartTitle()",2,0.00,0.00,0.00,0.00,"SmsFeedback_Take4.dll",
"Resources.Global.get_RepNewReturningClientsChartTitle()",2,0.00,0.00,0.00,0.00,"SmsFeedback_Take4.dll",
"Resources.Global.get_reportsPageTitle()",1,0.00,0.00,0.02,0.00,"SmsFeedback_Take4.dll",
"Resources.Global.get_logOnLogOffMsg()",2,0.00,0.00,0.00,0.00,"SmsFeedback_Take4.dll",
"Resources.Global.get_RepAvgNoOfIncomingSmsPerConversation()",2,0.00,0.00,0.01,0.00,"SmsFeedback_Take4.dll",
"Resources.Global.get_RepNoOfReturningClients()",2,0.00,0.00,0.00,0.00,"SmsFeedback_Take4.dll",
"Resources.Global.get_shareOnTwitter()",1,0.00,0.00,0.01,0.00,"SmsFeedback_Take4.dll",
"System.Web.UI.BuildTemplateMethod..ctor(object,native int)",5,0.00,0.00,0.00,0.00,"System.Web.dll",
"Resources.Global.get_tooltipCheckMessageReceived()",1,0.00,0.00,0.01,0.00,"SmsFeedback_Take4.dll",
"Resources.Global.get_RepTooltipPosNegFeedbackTransitions()",2,0.00,0.00,0.01,0.00,"SmsFeedback_Take4.dll",
"Resources.Global.get_starredLabel()",1,0.00,0.00,0.01,0.00,"SmsFeedback_Take4.dll",
"System.Text.StringBuilder..ctor()",2,0.00,0.00,0.00,0.00,"mscorlib.dll",
"Resources.Global.get_shareOnLinkedin()",1,0.00,0.00,0.01,0.00,"SmsFeedback_Take4.dll",
"Resources.Global.get_tabReports()",2,0.00,0.00,0.01,0.00,"SmsFeedback_Take4.dll",
"Resources.Global.get_readLabel()",1,0.00,0.00,0.01,0.00,"SmsFeedback_Take4.dll",
"Resources.Global.get_RepMonth()",1,0.00,0.00,0.01,0.00,"SmsFeedback_Take4.dll",
"MoveNext()",5,0.00,0.00,0.00,0.00,"SmsFeedback_Take4.dll",
"Resources.Global.get_addATagLabel()",1,0.00,0.00,0.01,0.00,"SmsFeedback_Take4.dll",
"ASP.views_reports_index_aspx.__BuildControlContent3(class System.Web.UI.Control)",1,0.00,0.00,0.00,0.00,"App_Web_gsfdzgra.dll",
"Resources.Global.get_tooltipIncludeUnreadInFilter()",1,0.00,0.00,0.01,0.00,"SmsFeedback_Take4.dll",
"ASP.views_reports_index_aspx.__BuildControlContent1(class System.Web.UI.Control)",1,0.00,0.00,0.00,0.00,"App_Web_gsfdzgra.dll",
"Resources.Global.get_feedbackSendUsFeedback()",2,0.00,0.00,0.00,0.00,"SmsFeedback_Take4.dll",
"ASP.views_reports_index_aspx.__BuildControlContent4(class System.Web.UI.Control)",1,0.00,0.00,0.00,0.00,"App_Web_gsfdzgra.dll",
"Resources.Global.get_tooltipCheckMessageSent()",1,0.00,0.00,0.01,0.00,"SmsFeedback_Take4.dll",
"Resources.Global.get_tooltipDeleteConversation()",1,0.00,0.00,0.01,0.00,"SmsFeedback_Take4.dll",
"Resources.Global.get_tabHelp()",2,0.00,0.00,0.00,0.00,"SmsFeedback_Take4.dll",
"System.Boolean.ToString()",4,0.00,0.00,0.00,0.00,"mscorlib.dll",
"ASP.views_home_index_aspx.__BuildControlContent1(class System.Web.UI.Control)",1,0.00,0.00,0.00,0.00,"App_Web_lmlzbbtf.dll",
"SmsFeedback_Take4.Models.WorkingPoint.get_TelNumber()",6,0.00,0.00,0.00,0.00,"SmsFeedback_Take4.dll",
"Resources.Global.get_supportLabel()",1,0.00,0.00,0.01,0.00,"SmsFeedback_Take4.dll",
"Resources.Global.get_tagsLabel()",1,0.00,0.00,0.01,0.00,"SmsFeedback_Take4.dll",
"Resources.Global.get_tooltipSendEmailImg()",1,0.00,0.00,0.01,0.00,"SmsFeedback_Take4.dll",
"System.Func`2..ctor(object,native int)",4,0.00,0.00,0.00,0.00,"mscorlib.dll",
"ASP.views_reports_index_aspx.__BuildControlContent2(class System.Web.UI.Control)",1,0.00,0.00,0.00,0.00,"App_Web_gsfdzgra.dll",
"ASP.views_shared_logonusercontrol_ascx.__BuildControlTree(class ASP.views_shared_logonusercontrol_ascx)",2,0.00,0.00,0.00,0.00,"App_Web_yflvtg5g.dll",
"SmsFeedback_Take4.Models.Helpers.RepChartData..ctor(class System.Collections.Generic.IEnumerable`1<class SmsFeedback_Take4.Models.Helpers.RepDataColumn>,class System.Collections.Generic.IEnumerable`1<class SmsFeedback_Take4.Models.Helpers.RepDataRow>)",3,0.00,0.00,0.00,0.00,"SmsFeedback_Take4.dll",
"Resources.Global.get_tooltipIncludeTagsInFilter()",1,0.00,0.00,0.01,0.00,"SmsFeedback_Take4.dll",
"Resources.Global.get_shareOnFacebook()",1,0.00,0.00,0.01,0.00,"SmsFeedback_Take4.dll",
"Resources.Global.get_RepSmsPerDayUnit()",1,0.00,0.00,0.01,0.00,"SmsFeedback_Take4.dll",
".ctor(!0,!1)",3,0.00,0.00,0.00,0.00,"SmsFeedback_Take4.dll",
"System.Type.get_Assembly()",1,0.00,0.00,0.00,0.00,"mscorlib.dll",
"Resources.Global.get_tooltipSendNegativeFeedback()",2,0.00,0.00,0.00,0.00,"SmsFeedback_Take4.dll",
"Resources.Global.get_tooltipSendPositiveFeedback()",2,0.00,0.00,0.00,0.00,"SmsFeedback_Take4.dll",
"Resources.Global.get_tabMessages()",2,0.00,0.00,0.00,0.00,"SmsFeedback_Take4.dll",
"Resources.Global.get_lblNoConversationSelected()",2,0.00,0.00,0.00,0.00,"SmsFeedback_Take4.dll",
"Resources.Global.get_tooltipNrOfConvsWithUnreadMsgs()",2,0.00,0.00,0.00,0.00,"SmsFeedback_Take4.dll",
"Resources.Global.get_RepConversations()",1,0.00,0.00,0.01,0.00,"SmsFeedback_Take4.dll",
"Resources.Global.get_loginUnsuccessfulSummary()",1,0.00,0.00,0.01,0.00,"SmsFeedback_Take4.dll",
"System.Web.Routing.RouteTable.get_Routes()",1,0.00,0.00,0.00,0.00,"System.Web.dll",
"ASP.views_home_index_aspx.__BuildControlContent5(class System.Web.UI.Control)",1,0.00,0.00,0.00,0.00,"App_Web_lmlzbbtf.dll",
"<>f__AnonymousTypec`3..ctor(!0,!1,!2)",2,0.00,0.00,0.00,0.00,"SmsFeedback_Take4.dll",
"SmsFeedback_Take4.Models.LogOnModel.get_UserName()",2,0.00,0.00,0.00,0.00,"SmsFeedback_Take4.dll",
"Resources.Global.get_messagesPageTitle()",1,0.00,0.00,0.02,0.00,"SmsFeedback_Take4.dll",
"Resources.Global.get_accountAuthenticate()",1,0.00,0.00,0.01,0.00,"SmsFeedback_Take4.dll",
"Resources.Global.get_RepMinutesUnit()",1,0.00,0.00,0.01,0.00,"SmsFeedback_Take4.dll",
"System.Func`2..ctor(object,native int)",3,0.00,0.00,0.00,0.00,"mscorlib.dll",
"System.Func`2..ctor(object,native int)",3,0.00,0.00,0.00,0.00,"mscorlib.dll",
"<>f__AnonymousTypec`3..ctor(!0,!1,!2)",2,0.00,0.00,0.00,0.00,"SmsFeedback_Take4.dll",
"SmsFeedback_EFModels.Message.get_ConversationId()",3,0.00,0.00,0.00,0.00,"SmsFeedback_EFModels.dll",
"Microsoft.VisualStudio.Web.PageInspector.Runtime.WebForms.TraceData..ctor(int32,int32,bool)",1,0.00,0.00,0.00,0.00,"Microsoft.VisualStudio.Web.PageInspector.Runtime.dll",
"System.Globalization.DateTimeFormatInfo.get_Calendar()",3,0.00,0.00,0.00,0.00,"mscorlib.dll",
"SmsFeedback_Take4.Models.AggregateSmsRepository.<GetConversationsForNumbers>b__0(class SmsFeedback_Take4.Models.WorkingPoint)",2,0.00,0.00,0.00,0.00,"SmsFeedback_Take4.dll",
"<>f__AnonymousType1`2..ctor(!0,!1)",2,0.00,0.00,0.00,0.00,"App_Web_p4nolezm.dll",
"System.Web.Routing.RouteTable.get_Routes()",1,0.00,0.00,0.00,0.00,"System.Web.dll",
"get_HasValue()",4,0.00,0.00,0.00,0.00,"SmsFeedback_Take4.dll",
"SmsFeedback_EFModels.Company.get_Name()",2,0.00,0.00,0.00,0.00,"SmsFeedback_EFModels.dll",
"Resources.Global.get_lblUserName()",1,0.00,0.00,0.01,0.00,"SmsFeedback_Take4.dll",
"Resources.Global.get_RepTypeTable()",1,0.00,0.00,0.01,0.00,"SmsFeedback_Take4.dll",
"Resources.Global.get_LogOnModel_Password_Required()",1,0.00,0.00,0.01,0.00,"SmsFeedback_Take4.dll",
"System.Web.HttpContextBase.get_User()",1,0.00,0.00,0.00,0.00,"System.Web.dll",
"System.Web.UI.BuildTemplateMethod..ctor(object,native int)",5,0.00,0.00,0.00,0.00,"System.Web.dll",
"Resources.Global.get_RepWeek()",1,0.00,0.00,0.01,0.00,"SmsFeedback_Take4.dll",
"ASP.views_home_index_aspx.__BuildControlContent3(class System.Web.UI.Control)",1,0.00,0.00,0.00,0.00,"App_Web_lmlzbbtf.dll",
"Resources.Global.get_RepDay()",1,0.00,0.00,0.01,0.00,"SmsFeedback_Take4.dll",
"Resources.Global.get_messagesRemoveTagPlaceHolder()",1,0.00,0.00,0.01,0.00,"SmsFeedback_Take4.dll",
"Resources.Global.get_confirmDeleteConversation()",1,0.00,0.00,0.01,0.00,"SmsFeedback_Take4.dll",
"Resources.Global.get_thumbsDownTooltip()",1,0.00,0.00,0.01,0.00,"SmsFeedback_Take4.dll",
"Resources.Global.get_LogOnButtonMessage()",1,0.00,0.00,0.01,0.00,"SmsFeedback_Take4.dll",
"Resources.Global.get_confirmDeleteMessage()",1,0.00,0.00,0.01,0.00,"SmsFeedback_Take4.dll",
"Resources.Global.get_thumbsUpTooltip()",1,0.00,0.00,0.01,0.00,"SmsFeedback_Take4.dll",
"Resources.Global.get_messagesAddTagPlaceHolder()",1,0.00,0.00,0.01,0.00,"SmsFeedback_Take4.dll",
"Resources.Global.get_errorMessageNotSentReasonUnknown()",1,0.00,0.00,0.01,0.00,"SmsFeedback_Take4.dll",
"Resources.Global.get_lblPassword()",1,0.00,0.00,0.01,0.00,"SmsFeedback_Take4.dll",
"ASP.views_home_index_aspx.__BuildControlContent4(class System.Web.UI.Control)",1,0.00,0.00,0.00,0.00,"App_Web_lmlzbbtf.dll",
"System.Func`2..ctor(object,native int)",3,0.00,0.00,0.00,0.00,"mscorlib.dll",
"Resources.Global.get_filteringAddFilterTag()",1,0.00,0.00,0.01,0.00,"SmsFeedback_Take4.dll",
"Resources.Global.get_RepPositiveAndNegative()",1,0.00,0.00,0.01,0.00,"SmsFeedback_Take4.dll",
"Resources.Global.get_sendButton()",1,0.00,0.00,0.01,0.00,"SmsFeedback_Take4.dll",
"Resources.Global.get_errorMessageNotSentInsufficientCredits()",1,0.00,0.00,0.01,0.00,"SmsFeedback_Take4.dll",
"Resources.Global.get_tooltipReplyBtn()",1,0.00,0.00,0.01,0.00,"SmsFeedback_Take4.dll",
"SmsFeedback_Take4.Controllers.ConversationsController.DecideIfUpdateFromExternalSourcesIsRequired(int32)",1,0.00,0.00,0.00,0.00,"SmsFeedback_Take4.dll",
"Resources.Global.get_errorCannotSendMessage()",1,0.00,0.00,0.01,0.00,"SmsFeedback_Take4.dll",
"Resources.Global.get_warningMessageSentSpendingLimitReached()",1,0.00,0.00,0.01,0.00,"SmsFeedback_Take4.dll",
"System.Func`2..ctor(object,native int)",1,0.00,0.00,0.00,0.00,"mscorlib.dll",
"Resources.Global.get_RepValueTable()",1,0.00,0.00,0.01,0.00,"SmsFeedback_Take4.dll",
"Resources.Global.get_RepClients()",1,0.00,0.00,0.01,0.00,"SmsFeedback_Take4.dll",
"SmsFeedback_EFModels.Tag.get_Name()",2,0.00,0.00,0.00,0.00,"SmsFeedback_EFModels.dll",
"System.Web.Mvc.Controller..ctor()",1,0.00,0.00,0.00,0.00,"System.Web.Mvc.dll",
"ASP.views_home_index_aspx.ProcessRequest(class System.Web.HttpContext)",1,0.35,0.00,123.55,0.00,"App_Web_lmlzbbtf.dll",
"ASP.views_reports_index_aspx.ProcessRequest(class System.Web.HttpContext)",1,0.11,0.00,38.04,0.00,"App_Web_gsfdzgra.dll",
"SmsFeedback_Take4.Utilities.ViewExtensionMethods.IsReleaseBuild(class System.Web.Mvc.HtmlHelper)",1,0.00,0.00,0.00,0.00,"SmsFeedback_Take4.dll",
"SmsFeedback_Take4.Utilities.ViewExtensionMethods.IsReleaseBuild(class System.Web.Mvc.HtmlHelper)",1,0.00,0.00,0.00,0.00,"SmsFeedback_Take4.dll",
"SmsFeedback_EFModels.Tag.get_Description()",2,0.00,0.00,0.00,0.00,"SmsFeedback_EFModels.dll",
"System.Func`2..ctor(object,native int)",2,0.00,0.00,0.00,0.00,"mscorlib.dll",
"<>f__AnonymousType1`2.get_placeholder()",2,0.00,0.00,0.00,0.00,"App_Web_p4nolezm.dll",
"<>f__AnonymousType1`2.get_class()",2,0.00,0.00,0.00,0.00,"App_Web_p4nolezm.dll",
"System.Func`2..ctor(object,native int)",3,0.00,0.00,0.00,0.00,"mscorlib.dll",
"SmsFeedback_EFModels.TagType.get_Type()",2,0.00,0.00,0.00,0.00,"SmsFeedback_EFModels.dll",
"get_Current()",3,0.00,0.00,0.00,0.00,"SmsFeedback_Take4.dll",
"System.Func`2..ctor(object,native int)",1,0.00,0.00,0.00,0.00,"mscorlib.dll",
"System.Web.Mvc.ViewPage`1.get_Html()",1,0.00,0.00,0.00,0.00,"System.Web.Mvc.dll",
"System.DateTime.op_Subtraction(valuetype System.DateTime,valuetype System.DateTime)",1,0.00,0.00,0.00,0.00,"mscorlib.dll",
"System.Web.Mvc.ViewPage`1.get_Html()",1,0.00,0.00,0.00,0.00,"System.Web.Mvc.dll",
"System.Func`2..ctor(object,native int)",1,0.00,0.00,0.00,0.00,"mscorlib.dll",
"System.TimeSpan.get_TotalMinutes()",2,0.00,0.00,0.00,0.00,"mscorlib.dll",
"System.Object..ctor()",2,0.00,0.00,0.00,0.00,"mscorlib.dll",
"System.Func`2..ctor(object,native int)",1,0.00,0.00,0.00,0.00,"mscorlib.dll",
"System.Object..ctor()",2,0.00,0.00,0.00,0.00,"mscorlib.dll",
"System.String.get_Length()",1,0.00,0.00,0.00,0.00,"mscorlib.dll",
"System.Text.StringBuilder.Append(string)",1,0.00,0.00,0.00,0.00,"mscorlib.dll",
"SmsFeedback_EFModels.TagTagType.get_IsDefault()",2,0.00,0.00,0.00,0.00,"SmsFeedback_EFModels.dll",
"System.Type.GetTypeFromHandle(valuetype System.RuntimeTypeHandle)",1,0.00,0.00,0.00,0.00,"mscorlib.dll",
"System.Web.UI.Control.get_Page()",2,0.00,0.00,0.00,0.00,"System.Web.dll",
"System.Web.UI.Page.GetWrappedFileDependencies(string[])",1,0.00,0.00,0.00,0.00,"System.Web.dll",
"SmsFeedback_Take4.Models.LogOnModel.get_RememberMe()",1,0.00,0.00,0.00,0.00,"SmsFeedback_Take4.dll",
"System.TimeSpan..ctor(int64)",1,0.00,0.00,0.00,0.00,"mscorlib.dll",
"System.Func`2..ctor(object,native int)",1,0.00,0.00,0.00,0.00,"mscorlib.dll",
"System.Web.Mvc.ViewPage`1.get_ViewData()",1,0.00,0.00,0.00,0.00,"System.Web.Mvc.dll",
"SmsFeedback_Take4.Models.LogOnModel.get_Password()",1,0.00,0.00,0.00,0.00,"SmsFeedback_Take4.dll",
"System.Web.UI.Page.GetWrappedFileDependencies(string[])",1,0.00,0.00,0.00,0.00,"System.Web.dll",
